supplier,model,url,retrieved_at,local_path,sha256
"Arduino","AKX00032","https://docs.arduino.cc/hardware/portenta-machine-control","2026-09-18T18:09:01+09:00","references/vendor_downloads/portenta_dmc200/AKX00032_official_product_page.html","948627f2588a24eadf6811a672d22f60035ef1b8a30af09f851c3f76efe8de24"
"Arduino","AKX00032","https://docs.arduino.cc/resources/datasheets/AKX00032-datasheet.pdf","2026-09-18T18:09:01+09:00","references/vendor_downloads/portenta_dmc200/AKX00032-datasheet.pdf","f1551a5c26d97ade424356626de0b973d72d7ec4011c8a63c89a482cdf378abd"
"Arduino","AKX00032","https://docs.arduino.cc/resources/pinouts/AKX00032-full-pinout.pdf","2026-09-18T18:09:01+09:00","references/vendor_downloads/portenta_dmc200/AKX00032-full-pinout.pdf","047ad6e8ef672c751196d2b0c5b4b38b912fad106fd311eb7446605c700e8484"
"DeviceMart","AKX00032 / 13963538","https://www.devicemart.co.kr/goods/view?no=13963538","2026-09-18T18:09:01+09:00","references/vendor_downloads/portenta_dmc200/AKX00032_devicemart_product_page.html","6d97f5f87e0172f2ac7f1b9bce37c7af7537fedf4fbcf2fe16da27e9c8520fbd"
"MotorBank","DMC-200 / 1000008040","https://www.motorbank.kr/goods/goods_view.php?goodsNo=1000008040","2026-09-18T18:09:01+09:00","references/vendor_downloads/portenta_dmc200/DMC-200_motorbank_product_page.html","119cec3ac26505619601cb563d9b4ee53033e5a23eeab1a058566a14312f84bb"
"MotorBank","DMC-200 protocol MC-RS485-AG V1.0.1","https://www.motorbank.kr/board/view.php?bdId=technicaldata&sno=121","2026-09-18T18:09:01+09:00","references/vendor_downloads/portenta_dmc200/DMC-200_motorbank_protocol_page.html","ed04369173c1909bba19edc9f4dd90f0e41784f630a33075dbaeaffbefa0aaef"
"MotorBank","DMC-200 protocol MC-RS485-AG V1.0.1","https://www.motorbank.kr/board/download.php?bdId=technicaldata&sno=121&fid=0","2026-09-18T18:09:01+09:00","references/vendor_downloads/portenta_dmc200/DMC-200_MC-RS485-AG_V1.0.1_protocol.pdf","8beb6241bf559576950c4ed66fd7d376cccfd109c0a35476a8d0a33a3bd61a61"
"Wuxi Maike Sensor","MK700 2-90-RS485-0.1","https://www.msensor.com.cn/product/270.html","2026-09-18T18:09:01+09:00","references/vendor_downloads/portenta_dmc200/MK700_manufacturer_product_page.html","03ee4ca7724536ec0c9ccb73b159834cd77aa53dce8108a0f399654635e275b9"
"DeviceMart","MK700 2-90-RS485-0.1 / MK-007 / 16062055","https://www.devicemart.co.kr/goods/view?no=16062055","2026-09-18T18:09:01+09:00","references/vendor_downloads/portenta_dmc200/MK700_devicemart_product_page.html","686947c4f0298e934241d016998528496ed75700efcaed6526455a791c12765e"
"Weintek","MT8072iP","https://www.weintek.com/Product/Model/MT8072iP","2026-09-18T18:09:01+09:00","references/vendor_downloads/portenta_dmc200/MT8072iP_official_product_page.html","06c2d6bb100610f754f301f1ad204acc131cf46ce523d25240eb739d1c6610fa"
"Weintek","MT8072iP download index","https://www.weintek.com/Download/ProductSpecification/MT8072iP","2026-09-18T18:09:01+09:00","references/vendor_downloads/portenta_dmc200/MT8072iP_official_download_page.html","ab9ce8ac0a89a0dfbc0254b50b47469f59d10bc799351fec402da6ae2cbe5168"
"Weintek","MT8072iP datasheet","https://dl.weintek.com/public/MT8000iP/Datasheet/eng/MT8072iP_Datasheet_ENG.pdf","2026-09-18T18:09:01+09:00","references/vendor_downloads/portenta_dmc200/MT8072iP_Datasheet_ENG.pdf","c91ce3d436a80ef58b378eee89ad8f7b0e582db427e6fd180df10cfcde0af6de"
"Weintek","MT8072iP installation instruction","https://dl.weintek.com/public/MT8000iP/Installation/eng/GME871P30_MT8072iP_Installation_20240827.pdf","2026-09-18T18:09:01+09:00","references/vendor_downloads/portenta_dmc200/MT8072iP_Installation_20240827.pdf","e49bd022b8a9f787c4d96fed23a893a3576cda60faf66f0ef5a3474cd5c52089"
"Komachine","MT8072iP / KOMACHINE-10091859","https://www.komachine.com/ko/stock-list/60axf","2026-09-18T18:09:01+09:00","references/vendor_downloads/portenta_dmc200/MT8072iP_komachine_stock_page.html","8aafadf65b9fcaa0afa032483232b7277f9275f4a1f6a9d6b58e83e126467944"
"Wuxi Maike Sensor","MK700-IS-EPC Modbus protocol","https://v1.cecdn.yun300.cn/site_1804100101/MK700-IS-EPC%E9%98%B2%E7%88%86%E7%B3%BB%E5%88%97%E6%95%B0%E5%AD%97%E5%9E%8B%EF%BC%88Modbus%E5%8D%8F%E8%AE%AE%EF%BC%89%E5%8F%8C%E8%BD%B4%E5%80%BE%E8%A7%92%E4%BC%A0%E6%84%9F%E5%99%A8.pdf","2026-09-20T15:27:49+09:00","references/vendor_downloads/portenta_dmc200/MK700_IS_EPC_Modbus_protocol.pdf","7c07123561cc3c633377eddf1100c22f56fd2a3e3f8074b0da7e9971245ee51c"
"Weintek","EasyBuilder Pro V6.10.01 User Manual","https://dl.weintek.com/public/EBPro/UserManual/eng/EasyBuilder-Pro-V61001-UserManual-eng.pdf","2026-09-20T15:27:49+09:00","references/vendor_downloads/portenta_dmc200/EasyBuilder_Pro_V61001_UserManual_ENG.pdf","6bca8e3ed4f2331164f36ee264d8a7c896321bda3b5d2ce6e7564858e79a94ed"
"WitMotion","HWT905 / HWT905-485 official product page","https://witmotion-sensor.com/products/accelerometer-with-self-recovering-magnetic-ield-chip-inclinometer-hwt905-ttl-mpu-9250","2026-09-20T15:40:15+09:00","references/vendor_downloads/portenta_dmc200/HWT905_official_product_page.html","4ebf7c1fb74b7006fdc2a3c6873c9c82c98e65ff1658023871791bb7892e8310"
"WitMotion","HWT905-485 Data Sheet & User Manual V250806","https://drive.google.com/file/d/1FEDNzXmRpfTZghg__9BRl9SHY73Oh6Ou/view?usp=drive_link","2026-09-20T15:40:15+09:00","references/vendor_downloads/portenta_dmc200/HWT905_RS485_Datasheet.pdf","1d7d8455ea22417f307433577bd5b0f4a2f3d7677b4f82fb1ce528061ddf4d98"
"WitMotion","HWT905 RS485 Manual v23-0615","https://drive.google.com/file/d/1ETXQWe-VjYiRubocCgYVjDWVL00sF0se/view?usp=drive_link","2026-09-20T15:40:15+09:00","references/vendor_downloads/portenta_dmc200/HWT905_RS485_Manual.pdf","6379f3ce519cb15f7d32a8484eb490f12abf3dc5c5469cb7c0fab8bd5458da1c"
"WitMotion","High-Precision Sensor Modbus Protocol","https://drive.google.com/file/d/1GbW99zNE7WUNvqR5bC6isotGgrGXzQaB/view?usp=share_link","2026-09-20T15:40:15+09:00","references/vendor_downloads/portenta_dmc200/WitMotion_RS485_Modbus_Protocol.pdf","0a26e6879cc630b20e34a0996ee84b2cf432b4de76cd60e2dde59500fb1bc173"
"Gmarket / K11 Holdings","HWT905-RS485 / 3973625857","https://item.gmarket.co.kr/Item?goodsCode=3973625857","2026-09-20T15:40:15+09:00","references/vendor_downloads/portenta_dmc200/HWT905_RS485_gmarket_evidence_2026-09-20.md","7744a084c80360352611f1f619dbee26f2cd7b04e48457de6dc9391302d3a305"
"Gmarket / Autosensor Korea","MT8072iP / 4729242374","https://item.gmarket.co.kr/Item?goodsCode=4729242374","2026-09-20T15:40:15+09:00","references/vendor_downloads/portenta_dmc200/MT8072iP_gmarket_autosen_evidence_2026-09-20.md","4147b8d7f93ee86d5aa2b4babdeb77073dc573e6472c80e5f27e25e54bb4480b"
"DeviceMart","HWT905 / 10886296 supplemental product page","https://www.devicemart.co.kr/goods/view?no=10886296","2026-09-20T15:40:15+09:00","references/vendor_downloads/portenta_dmc200/HWT905_devicemart_product_page.html","504322921b58ed4e4658f6cfb1aaaa2ac05160106fb2958a23dade076f6c5664"
"DeviceMart","HWT905 generic manual archive (not RS485 selection authority)","https://www.devicemart.co.kr/goods/download?id=10886296&rank=1","2026-09-20T15:40:15+09:00","references/vendor_downloads/portenta_dmc200/HWT905_usermanual_devicemart.zip","c3853c7d52ca5913167c5cca28b7243e2b1e8d4acc11b82de37668928d0964de"
"DeviceMart","HWT905 generic manual extracted PDF (not RS485 selection authority)","https://www.devicemart.co.kr/goods/download?id=10886296&rank=1","2026-09-20T15:40:15+09:00","references/vendor_downloads/portenta_dmc200/HWT905_usermanual_1_.pdf","caa140d5f108b9d8708501e823153572e725a89ea75f6918c5ef4a1dfc983aa5"
"WitMotion document mirror","HWT905-RS485 Datasheet v23-0616 supplemental","https://m.media-amazon.com/images/I/81K9tZvs1hL.pdf","2026-09-20T15:40:15+09:00","references/vendor_downloads/portenta_dmc200/HWT905_RS485_Datasheet_v23-0616.pdf","6c1096da7b006b25f9696f2d5315a683f6681c0b8a18fd554ffe777c8559b4b8"
