line_id,item,exact_specification,quantity,status
S01,DNF4040 profile,700 mm,2,cut
S02,DNF4040 profile,620 mm,4,cut
S03,DNF3030 profile,700 mm,2,cut
S04,DNF3030 profile,640 mm,3,cut
S05,4035 inside profile bracket,4040 / M8,8,buy
S06,DCB3025 inside profile bracket,3030 / M6,6,buy
M01,NBK STB-M12 turnbuckle,M12x1.75 RH/LH; min tip span 171; supplied SJN lock nuts retained,3,vendor confirmation
M02,PHS12L female rod end,M12x1.75 LH; bore12; width16; h50,3,source exact LH item
M03,IMAO BJ761-12011N hinge eye,M12; bore12; eye width14; H50; L30,3,buy
M04,DIN6334 coupling nut,M12x36 RH,3,buy
M05,IMAO BJ762-12001 hinge support,pin12; gap14; M12 mount,3,buy
M06,IMAO BJ762-20001 hinge support,original pin20; gap22; M20 mount,3,buy
M07,flanged reducing bush,ID12.1 / OD20 / L11,6,exact stock item required
M08,upper pivot bolt,M12x65 class 8.8 + washer + nyloc,3,buy
F01,lower adapter plate,A6061-T6 100x60x5; D13.5 + 2xD9,3,laser/waterjet
F02,upper adapter plate,A6061-T6 100x60x5; D21.5 + 2xD9,3,laser/waterjet
F03,lower round standoff,OD16 / ID8.5 / L15,6,buy
F04,upper round standoff,OD16 / ID8.5 / L20,6,buy
F05,lower adapter fastener,M8x35 socket bolt + washer + T-nut,6,buy
F06,upper adapter fastener,M8x40 socket bolt + washer + T-nut,6,buy
F07,BJ762-12001 mount nut,M12 washer + nut,3,buy
F08,BJ762-20001 mount nut,M20 washer + nut,3,buy
F09,BJ761 to coupling jam nut,M12x1.75 RH thin jam nut,3,buy
F10,profile bracket fastener set,as specified for S05/S06,14,buy
F11,coupling to STB jam nut,M12x1.75 RH thin jam nut,3,buy
F12,STB to PHS12L jam nut,M12x1.75 LH thin jam nut,3,source exact LH item
