file,url,retrieved_date,status,sha256
references\vendor_downloads\portenta_bom_task2\13352.html,https://www.devicemart.co.kr/goods/view?no=13352,2026-09-20,ACCEPTED,d6c479e20773154d1e9e8e05ee1ee9d4c0dd45f1fd645f23f4a7f7c68e51f3b8
references\vendor_downloads\portenta_bom_task2\gauge.html,https://www.navimro.com/p/K56222641/,2026-09-20,ACCEPTED,b28dbd86c10bf9c25c475af1c7a94465217ee92a9ad82938d52719cb104cab84
references\vendor_downloads\portenta_bom_task2\gauge_official.html,https://www.mitutoyo.co.jp/products/measuring-tools/indicators/digimatic/main/543-730b/,2026-09-20,ACCEPTED,55cbb9ad9b771f88877416eac03957ec66710f785fe662b97c968cd5d9bfbb72
references\vendor_downloads\portenta_bom_task2\noga_official.html,https://www.noga.com/product/dg-holder-w-out-base/,2026-09-20,ACCEPTED,42a53642012ce3ccba6c69c4b764eea3c8ecd1ff507f287da2b7f69126aabd1f
references\vendor_downloads\portenta_bom_task2\noga_seller.html,https://www.toolnshop.kr/view/?goods=11469,2026-09-20,ACCEPTED,67d7808d6ff7d82c96f337f4c170a4793fe32699ec0fcb60ffaae1030f88200c
references\vendor_downloads\portenta_bom_task2\KC522U.html,https://www.navimro.com/p/K92667398/,2026-09-20,ACCEPTED,50f8197939a069e9e560a33c7adf47091edd37203ec5d74a9aff2fcea4ce19ae
references\vendor_downloads\portenta_bom_task2\KC220.html,https://www.navimro.com/p/K92666494/,2026-09-20,REMOVED_OPTIONAL_SERVICE_ADAPTER_FIX1,e3d4c9c442627d84cbda9b36032335c8e5e56e8648c4525d035a41b2a4571e0e
references\vendor_downloads\portenta_bom_task2\KC522_manual.pdf,https://www.kisansystem.kr/datasheet/KC522_Manual.pdf,2026-09-20,ACCEPTED,210b21dbc74f1a9eed2ca53618f6237602671a8c4d60c70c11c89c6e0b8ffc15
references\vendor_downloads\portenta_bom_task2\KC220_manual.pdf,https://www.kisansystem.kr/datasheet/KC220_Manual.pdf,2026-09-20,REMOVED_OPTIONAL_SERVICE_ADAPTER_FIX1,c29f4cd9627d3442ed77ba9eb94c276226507c86f6d35532b2aebace2e852c27
references\vendor_downloads\portenta_bom_task2\usb.html,https://www.navimro.com/p/K03155397/,2026-09-20,ACCEPTED,68abaeb1ce22e9e6714c6952447203ddd4a4ddd312ea9381c21d27ca16c417ab
references\vendor_downloads\portenta_bom_task2\resistor.html,https://www.devicemart.co.kr/goods/view?no=1997,2026-09-20,ACCEPTED,53cffcaf66521f7bab8aa94c2b168598b79e3a09c7efb166db0edfc414e0b6bb
references\vendor_downloads\portenta_bom_task2\program_usb.html,https://www.devicemart.co.kr/goods/view?no=10913938,2026-09-20,REJECTED_USB_C_NOT_PMC_PROGRAMMING_PORT,5a155dd69c6d8642463f64bdad218ecebf9615b9f5ed40fd478be306affc9115
references\vendor_downloads\portenta_bom_task2\program_micro_usb.html,https://www.devicemart.co.kr/goods/view?no=1061716,2026-09-20,ACCEPTED,4a54b7c46b4c3d523dfa4de732dbf050b74014e93322905a671be15777d20cf5
references\vendor_downloads\portenta_bom_task2\ethernet_web_evidence.md,https://www.devicemart.co.kr/goods/view?no=10932540,2026-09-20,ACCEPTED_WEB_TEXT_SUMMARY,d3a7c8fa7dda3784f2a3414f2e977ef6532f5d3c6200823a8e3026ced64e49c5
references\vendor_downloads\portenta_bom_task2\ethernet.html,https://www.devicemart.co.kr/goods/view?no=10932540,2026-09-20,FETCH_FAILURE_NOT_EVIDENCE,1049085b0b5d9c63e123bed1a57b63574f44e9a39babd38c4d7c871e57f3822b
references\vendor_downloads\portenta_bom_task2\holder.html,https://www.navimro.com/p/K01044402/,2026-09-20,REJECTED_UNSPECIFIED_STEM_BORE,1c0a64e5ab4d57c2c7d4c8e0ab5e339516f049f665ddf37389445b7e452c28c8
references\vendor_downloads\portenta_bom_task2\holder_detail.jpg,https://www.navimro.com/p/K01044402/,2026-09-20,REJECTED_UNSPECIFIED_STEM_BORE_DETAIL_IMAGE,fefa07301e151174fc635aaa719af191bc1bbb2a1a03f6961e6964161920992d
