item,description,quantity,installation
F01,M8 profile connector screw,20,two per 4035 connector; DO NOT ORDER before Rev B
F02,40-series M8 T-nut,20,two per 4035 connector; DO NOT ORDER before Rev B
F03,M6 profile connector screw,16,two per DCB3025 connector; DO NOT ORDER before Rev B
F04,30-series M6 T-nut,16,two per DCB3025 connector; DO NOT ORDER before Rev B
F05,M8 screw for LMB-10,6,two per lower bracket; final length after receipt
F06,40-series M8 T-nut for LMB-10,6,two per lower bracket
F07,6 mm clevis pin with positive retainer,3,one per lower bracket
F08,M6x50 partially threaded upper pivot bolt,3,one per actuator
F09,M6 flat washer,6,two per upper pivot
F10,M6 nyloc nut,3,one per upper pivot
F11,30-series M6 hammer-head/T-bolt for PHS6,3,male stud points down into PHS6 female thread
F12,M8 screw for stop capture bracket,6,two per stop
F13,40-series M8 T-nut for stop capture bracket,6,two per stop
