group,candidate,source_id,key_specification,selection_status,reason_to_keep_or_reject,next_check
Actuator,Firgelli F-SD-H-450-12V-8in Hall,SRC-ACT-001,"450 lbf; 8 in stroke; 319/523 mm; 6 mm/s; 5.5 A; 12 V; 25% duty; IP66; Hall feedback",leading low-load PoC candidate,"User-confirmed 10 kg payload / 10 kg cart / +/-3 deg baseline force screen passes with about 618 N maximum axial force, but it is still long and slow","Verify purchased drawing, current, backlash, duty, shock margin, homing method, endpoint margin, and bracket package"
Actuator body bracket,Firgelli MB21,SRC-ACT-007,"Fixed-position Super Duty body support; official STEP envelope 50 x 82.854 x 100 mm",LS-01 fixed-datum candidate,"Direct body mounting and official STEP provide a traceable packaging datum","Obtain vendor acceptance or test evidence for external stop reaction and impact"
Actuator clevis bracket,Firgelli MB17,SRC-ACT-008,"8 mm pin; 180 deg pivot; official STEP",reference only,"Confirms the vendor clevis mounting ecosystem","Does not replace the required spherical/misalignment joint or prove adapter compatibility"
Actuator body bracket,Firgelli MB20,SRC-ACT-009,"Swiveling body bracket with rubber gasket; official STEP",alternate reference,"Could move the body pivot if packaging requires it","Not selected because LS-01 needs a fixed repeatable body datum"
Actuator,Ewellix CAHB-10,SRC-ACT-002,"1500 N; 50-300 mm stroke; 12/24 V; IP66S; 25% duty",reserve candidate,"Good documentation but may be marginal for high eccentric load","Check exact speed/current options and price"
Actuator,TiMOTION MA2,SRC-ACT-003,"8000 N push; 4000 N pull; 25-1000 mm stroke; Hall/pot options",industrial reserve,"Keep only if the simple Firgelli package fails geometry, speed, duty, or test margin","Request quote only after baseline package fails"
Actuator,LINAK LA36,SRC-ACT-004,"6800 N; 100-1200 mm stroke; IP66 dynamic/IP69K static",industrial reserve,"Keep only if the simple Firgelli package fails geometry, speed, duty, or test margin","Request quote only after baseline package fails"
Actuator,Thomson Electrak HD,SRC-ACT-005,"12/24 V; 25% duty variants; IP66 dynamic/IP67/IP69K static",upgrade benchmark,"High-end industrial reference","Quote and availability"
Actuator,Progressive Automations PA-17,SRC-ACT-006,"850/2000 lbf dynamic options; IP65; 25% duty",oversized fallback,"Useful if very high force is required","Package, mass, speed, import cost"
Latch,DESTACO 323-R,SRC-LAT-001,"360 lbf maximum holding capacity",candidate,"Simple pull-action latch for preload/uplift only; not primary shear and not final SKU","Check latch geometry, secondary lock, latch sensor, preload, and release clearance"
Latch,Southco draw latch family,SRC-LAT-002,"Over-center adjustable/heavy-duty draw latch families",reserve candidate,"Commercial latch family with many sizes","Select exact SKU and load table"
Latch,Elesa+Ganter GN 850,SRC-LAT-003,"Hook-type toggle clamps; holding capacity by size",reserve candidate,"Industrial latch clamp alternative","Select exact size"
Latch,Elesa+Ganter GN 850.2,SRC-LAT-004,"Hook-type toggle clamp with safety hook",safety-feature candidate,"Safety hook helps against inadvertent release","Check price and available sizes"
Frame,MISUMI HFS8-4040,SRC-FRM-001,"40x40; 1.73 kg/m; area 640 mm2; Ix/Iy 10.4e4 mm4",candidate,"Good modular PoC frame candidate; exact procurement code should be separated from profile series","Joint, bracket, bolt, slot and plate stiffness"
Frame,Aluminum profile cart receiver rail/subframe,SRC-FRM-001,"T-slot/profile receiver concept; exact 30/40 mm class section TBD; local hard points use separate insert plates",user-preferred concept,"Matches user preference for easy fabrication assembly and adjustment without relying on raw profile slots as wear faces","Select exact sourced section, connector type, insert plate layout, and mass budget"
Frame,CR-01 two-rail cart receiver kit,SRC-FRM-001,"Two 760 mm HFS8-4040 longitudinal receiver rails; 760 x 560 mm receiver zone; screened mass about 4.50 kg with placeholder hard points",preferred layout candidate,"Lighter than the 6.43 kg rectangular subframe reserve and leaves more of the 10 kg empty-cart basis for the rest of the cart","Confirm connector stiffness, insert plates, locator hardware, rest pad adjustment, and latch keeper geometry"
Frame,CR-01-H1 local hardpoint set,SRC-FRM-001,"12 mm locator interface; 8 mm locator insert; 40 x 30 mm rest pad contact; 5 mm latch keeper; two M8-class fasteners per critical hard point; positive stop/dowel/key after alignment",hardpoint seed,"Bulk stress screens are low, but repeatability must come from hard points and positive anti-slip features rather than profile-slot friction","Select exact slot nut, backing plate, locator bushing, shim method, latch keeper shape, secondary lock and sensor"
Frame,CR-01-H2-B connector topology,SRC-FRM-001,"two M8-class T-slot fasteners per critical hard point for clamp/adjustment; shoulder/key/positive stop final shear path; optional 6 mm or larger dowel; backing plate reserve",preferred topology seed,"Friction-only slot fastening passes a placeholder slip screen but is rejected for final locating; positive-stop and dowel stresses are low at the active PoC demand","Select exact slot nut, profile wall bearing, backing plate need, replaceable stop geometry, dowel position, and service access"
Frame,CR-01-H3 connector stack rules,SRC-FRM-001,"master locator X/Y fixed; secondary locator Y-only and X released; rest pad Z-only; latch keeper preload/uplift-only; 30-cycle mock-up backing-plate trigger",preferred detail seed,"Avoids hidden overconstraint and keeps backing plates conditional on measured shift, torque relaxation, wall marking or preload drift","Select exact slot nut/backing plate, replaceable stop block, dowel position, latch-closed/cart-present sensor bracket and access"
Frame,MISUMI GFS8-4040,SRC-FRM-002,"2.17 kg/m; Ix/Iy 13.76e4 mm4",stiffness option,"Higher stiffness with modest mass increase","Use if deflection/stiffness fails"
Frame,Bosch Rexroth profile system,SRC-FRM-003,"Industrial profile system and accessories",benchmark,"Alternative supplier/reference system","Select metric profile data"
Frame,MISUMI Korea economy 4040,SRC-FRM-004,"Domestic economy procurement listing",procurement screen only,"May reduce cost","Do not use load-critical economy profile without spec verification"
Guide,THK HSR linear guide,SRC-GDE-001,"HSR 15+ dynamic ratings from 10.9 kN upward",high-rigidity candidate,"Strong guide option for central constraint","Cost, contamination, packaging"
Guide,HIWIN MGN15H,SRC-GDE-002,"Dynamic 6370 N; static 9110 N",compact guide candidate,"Compact and strong enough for many guide loads","Misalignment sensitivity"
Guide,MISUMI TPCAT tapered locating pin,SRC-GDE-003,"D2/tool steel equivalent; 58-62 HRC",cart locating candidate,"Good for repeatable mechanical seating","Contact/shear stress after receiver geometry"
Guide,KIPP locating pins/rest pads,SRC-GDE-004,"Locating/rest pad families",alternate supplier,"Useful for locating/rest pad design","Select exact part and load data"
Joint,MISUMI PHSOSM8,SRC-JNT-001,"2.69 kN radial static; 12 deg allowable angle",screened out for primary actuator joint,"Fails the current lower actuator joint screen at +/-3 deg when 2 deg angular margin and 2x static load screen are applied","May remain a low-load auxiliary joint only"
Joint,THK POS8,SRC-JNT-002,"8 mm rod end; CAD/catalog available",candidate,"Known supplier alternative","Need load rating before selection"
Joint,MISUMI/Minebea HRT8E,SRC-JNT-006,"26.77 kN radial static; 5.29 kN axial static; 14 deg tilt",leading +/-3 actuator joint candidate,"User no longer requires +/-5 deg; HRT8E-style rod end is simpler if the bracket preserves the required articulation","Check local procurement, bracket package, axial load direction and bolt/stud bending"
Joint,MISUMI RBLD8 link ball style,SRC-JNT-004,"M8 static load capacity 12500 N; allowable incline angle up to 40 deg in inCAD table",high-angle reserve,"Keep as reserve if HRT8E-style rod end packaging loses angular margin","Confirm exact purchasable SKU, holder geometry, bracket clearance, wear and side-load path"
Joint,JNT-BR-01-HRT8E preliminary screen,"SRC-JNT-006; SRC-STD-004","centered double-shear: 8 mm lug/pin seed; <=16 mm provisional supported pin span",superseded_preliminary_seed,"Superseded after official 23 x 11 mm HRT8E envelope showed the 16 mm gap was too tight at 14 deg","Retain as calculation history only; use the 18 mm detailed CAD seed"
Joint,JNT-BR-01-HRT8E detailed CAD,"SRC-JNT-006; SRC-STD-004","official 8 mm bore / 23 mm body / 11 mm eye; 18 mm yoke gap; retained M8 pin envelope",archived after factory-eye review,"Serial adapter length conflicts with the current lower-stroke workspace","Retain as design history or reconsider only with changed support geometry"
Joint,JNT-CG-01 factory-eye nested gimbal,"SRC-ACT-001; SRC-ACT-010","8.2 mm factory hole and 20 mm eye OD family reference; 12 mm adjustable mock-up gap; 6 mm plates; opposed M8 trunnions; zero centre offset",preferred measured-mockup seed,"Preserves current actuator pin-to-pin kinematics and supplies two orthogonal rotations","Family drawing is not the selected 450 lbf 8-inch drawing; measure purchased eye and pin stack before copying six times"
Joint,Ruland single universal joint family,SRC-JNT-005,"Single U-joints up to 45 deg angular misalignment; keyed metric bore options",central Cardan family reference,"Suitable component class for yaw-transmitting Cardan geometry by angle only","Do not use as sole yaw-torque path without torque/backlash verification"
Joint,Ruland MUS15-8-8-F,SRC-JNT-007,"8 mm bore; rated torque 15.3 Nm; max angle 45 deg",geometry reference only,"Still just below the simplified 16 Nm primary PoC design yaw torque if used alone","Small geometry reference only"
Joint,Ruland MUSSK22-12-12-F,SRC-JNT-008,"12 mm keyed bore; rated torque 39 Nm; peak torque 197 Nm; max angle 45 deg",possible low-load reference only,"May satisfy simplified PoC yaw torque numerically, but YAW-A should carry yaw through the keyed guide for simpler constraint control","Use only as a yoke geometry reference unless yaw torque path is redesigned"
Joint,Ruland US32-22MM-20MM-F,SRC-JNT-009,"22/20 mm bore; rated torque 485.8 Nm; peak torque 2429.2 Nm; max angle 45 deg; 50.7 mm OD; 139.7 mm length",oversized reserve Cardan,"No longer attractive for the user-confirmed low-load PoC because package/cost/shaft details add complexity","Use only if the keyed guide yaw path fails"
Joint,MISUMI BSHS16 ball spline reference,SRC-JNT-010,"No.16 dynamic torque 51 Nm; static torque 93 Nm",low-load reserve concept,"Could pass the simplified torque level, but still needs pitch/roll isolation and may add procurement/package complexity","Study only if YAW-A keyed guide becomes too hard to fabricate"
Sensor,Adafruit BNO085 breakout,SRC-SEN-001,"Sensor-fusion IMU breakout; 29.50 USD listed; Game Rotation Vector available",candidate,"Fast prototype integration; Game Rotation Vector can avoid magnetometer correction jumps but yaw drift remains a test issue","Vibration, drift, mounting, magnetic robustness, and acceptance-error testing"
Sensor,Bosch BNO055,SRC-SEN-002,"9-axis absolute orientation sensor",not preferred,"Manufacturer page notes not recommended for new designs","Avoid unless already stocked"
Sensor,TDK ICM-20948,SRC-SEN-003,"9-axis IMU with DMP; EOL status",rejected,"End-of-life status","Do not design in"
Sensor,WitMotion WT901C,SRC-SEN-004,"0.2 deg tilt accuracy; up to 200 Hz; -40 to 85 C",industrial-style option,"Better packaged tilt sensor candidate","Protocol/noise testing"
Driver,Cytron MD13S,SRC-DRV-001,"13 A continuous; 30 A peak 10 s; 6-30 V; single channel",single-channel candidate,"Would require three units for three independent actuator channels","Thermal test with actual actuator"
Driver,Cytron MD20A,SRC-DRV-002,"20 A continuous; 60 A peak; 6-30 V; single channel",single-channel candidate,"More current margin than MD13S, but still one channel per board","Reverse-voltage protection plan"
Driver,Cytron MDD20A,SRC-DRV-004,"20 A continuous; 6-30 V; two channels",two-channel candidate,"Could cover two of the three required independent channels","Pair with one additional single-channel driver or use multi-axis controller"
Driver,Pololu G2 24v13,SRC-DRV-003,"6.5-40 V; 13 A; current sense/limit; reverse protection",alternate candidate,"Useful protection/current sensing","No over-temperature shutoff"
Power,Mean Well LRS-350-24,SRC-PWR-001,"24 V 14.6 A 350.4 W",24v candidate only,"Not compatible with a 12 V actuator bus unless DC-DC conversion or 24 V actuator variant is used","Resolve actuator bus voltage first"
Power,Omron S8VK-G48024,SRC-PWR-002,"24 V 20 A 480 W DIN rail",24v candidate only,"Not compatible with a 12 V actuator bus unless DC-DC conversion or 24 V actuator variant is used","Resolve actuator bus voltage first"
Power,TDK-Lambda DRF240-24-1,SRC-PWR-003,"24 V 10 A 240 W; 15 A peak",24v candidate only,"Likely insufficient for three actuators and not compatible with 12 V bus directly","Resolve actuator bus voltage first"
Safety,Omron A22E-M-03,SRC-SAF-001,"22 mm; 40 mm head; push-lock turn-reset; 3NC; IP65",E-stop candidate,"Industrial E-stop family","Safety circuit design later"
Safety,Omron D4N-4D32 envelope reference,SRC-SAF-002,"IP67; direct opening; roller plunger 9.5 dia x 5; PT 2 mm max; OT 4 mm min",archived static-bench option,"Removed from active CAD/BOM by user scope reduction","Reconsider for mobile unattended higher-speed or safety-reviewed operation"
Mechanical stop,Ruland MSP-12-FZ,SRC-STP-001,"12 mm bore; 28 mm OD; 11 mm width; two-piece steel clamp; M4 x 12 screws",LS-01 stop-collar geometry candidate,"Easy adjustment and replacement on twin 12 mm rods","Supplier/project push-off and impact acceptance still required"
Safety,Schneider Harmony XB4/ZB4,SRC-SAF-003,"IP66/67/69/69K; -40 to 70 C",alternate control/E-stop family,"Strong industrial ecosystem","Select exact SKU"
Cart receiver hardware,CR-01-H4-S1,"SRC-FRM-001; SRC-GDE-003; SRC-GDE-004; SRC-LAT-004; SRC-STD-004","12 mm removable master bushing and replaceable stop; X-slot/diamond secondary; 40 x 30 mm shim pad; 5 mm keeper + separate mechanical secondary lock",low-load PoC hardware seed,"Simple serviceable assembly seed that preserves H3 role separation","Select purchased hardware, fits, torque, stop screws, latch and sensors after mock-up"
Central guide,Compact YAW-A Cardan constraint,"SRC-GDE-003; SRC-GDE-004; SRC-STD-004","120 mm mount envelope; fixed +Y pitch; local +X roll; 12 mm pin seed; +/-7 deg per-axis stops",active compact CAD seed,"Retains required X/Y/yaw constraint while keeping three radial actuators visually dominant","Add actual bushings shoulder bolts retention fits and no-contact mock-up evidence"
Safety mechanism,Passive telescopic stop cartridge pair,SRC-STD-004,"two below-deck captured-shoulder cartridges; separate electrical switch envelopes",archived_not_preferred,"Mechanically screened but rejected after user design feedback because the central package was visually heavy","Retain only in outputs/archive/yaw_a_detailed_2026-08-26"
Safety mechanism,LS-01M radial actuator stop collar set,"SRC-ACT-001; SRC-STP-001","twelve mechanical collars on six moving rods; factory internal electrical endpoints; no external D4N package",active static-bench CAD seed,"Simple stationary supervised test configuration that keeps an independent mechanical travel path","Verify collar push-off actual endpoints and MB21 reaction before powered test"
Actuator,DIHOOL DHLA2000 LA2000-125150 non-flat pin/lug assumption,"SRC-ACT-011; SRC-PROC-004; SRC-PROC-023; SRC-PROC-026","12 V; 2000 N; 150 mm stroke; 5 mm/s; M8-to-eye accessory assumed; Hall optional at family level",selected NAVIMRO redesign planning baseline,"At 185 mm vertical joint separation it permits 270 mm collapsed height and 273.20-385.35 mm workspace with balanced provisional endpoint reserve","Obtain exact supplied accessory both-end interface pivot-center lengths Hall wiring current and matching STEP before fabrication release"
Actuator joint,JMC JFT-8R spherical rod end,SRC-PROC-027,"NAVIMRO K02020097; M8x1.25 RH female; 8 mm bore; six total",selected Rev D joint hardware,"One spherical bearing at each actuator end supplies the required multi-axis articulation inside a fabricated double-shear yoke","Confirm delivered A2 male/female M8 interface, receipt dimensions, pivot shoulder and full thread engagement"
Driver,Cytron MD10C NAVIMRO listing,SRC-PROC-007,"13 A single-channel brushed DC motor driver",NAVIMRO PoC driver candidate,"One independent channel per actuator and ample preliminary current class for the 30 W actuator family","Verify stock actual actuator current thermal margin wiring and branch protection"
Frame,NAVIMRO Daeyoung DF 4040-8 cut set,"SRC-PROC-010; SRC-PROC-011","40 x 40 profile; Rev D 19 cut pieces totaling 12000 mm; DAB4040 angle stock",NAVIMRO single-order frame candidate,"Bolted construction and connected 640/660 mm crossmembers support easy local assembly","Freeze revised hole and hardpoint drawings before purchase"
Upper deck,NAVIMRO 900 x 800 x 15 PMMA pack,SRC-PROC-012,"Two-sheet pack; supported non-primary deck",NAVIMRO single-order panel candidate,"Exact target footprint is listed and one spare sheet avoids a second order","Maintain close profile support and steel load spreaders"
Central guide,NAVIMRO twin 12 mm shaft guide,SRC-PROC-014,"2x 12 mm ground shafts; 4x LMF12UU; 4x SK12",preferred procurement redesign,"Commercial guide hardware reduces custom tube fitting while constraining X Y and yaw","Revise CAD for flange pattern support height alignment and carriage stiffness"
Mechanical stop,BOTECO Y710028.VBD12,SRC-PROC-015,"12/28/11 mm single-split collar",conditional NAVIMRO stop,"Matches the guide-shaft geometry at lower cost than the first two-piece candidate","Obtain axial holding data or proof-test push-off before powered use"
Cart latch,CR-3001 mechanical draw latch,SRC-PROC-016,"SUS304 lockable latch",conditional NAVIMRO latch,"Same-supplier mechanical draw-in part for four receiver corners","Locators carry shear; confirm rating drawing and keeper inclusion"
Driver,Motorbank DMD-150,"SRC-PROC-017; SRC-PROC-033; SRC-PROC-034","6.5-41 V; 12 A continuous uncooled; 15 A with cooling; 180 W at 12 V; IN1/IN2/PWM",preferred NAVIMRO driver candidate,"Official control truth table and Mega-compatible logic are confirmed","Confirm actuator current enclosure cooling and motor-regeneration TVS/SMPS behavior"
Controller,ShenzenAV Mega2560 PRO Type-C,SRC-PROC-018,"ATmega2560 CH340G Type-C",NAVIMRO PoC controller candidate,"Available replacement for the genuine Mega listing with blank dispatch","Prototype only; verify I/O voltage and firmware pin map"
Power,JK EMC NES-350-12,SRC-PROC-019,"12 V 29 A 348 W",conditional NAVIMRO bench supply,"Matches the 12 V bus and nominal three-axis power class","Freeze only after actual actuator inrush and simultaneous-current confirmation"
Branch protection,Siemens 5SY4110-7,SRC-PROC-020,"1P 10 A; 72 VDC",conditional DC protection,"Explicit DC rating avoids the rejected AC-only glass-fuse option","Confirm trip curve and coordination with measured actuator current"
Procurement,NAVIMRO 47-active-line single-order package,SRC-PROC-022,"Mechanical electrical fasteners wiring enclosure accessories and JFT-8R rod ends",pre-order package,"Provides one-supplier one-purchase baseline for the stationary PoC","Vendor A2 interface/current reply and Rev D open-interface closure remain mandatory before order release"
