parameter_id,parameter_name,classification,selected_or_proposed_value,unit,status,basis,sources,calculation_or_check,approval_note
P-DOF-001,Active platform DOF,HARD_CONSTRAINT,"Z translation; pitch; roll",-,fixed,"User project instructions require only Z/pitch/roll control","AGENTS.md; requirements/hard_constraints.md",not a calculation,No change without explicit user approval
P-DOF-002,Constrained platform DOF,HARD_CONSTRAINT,"X translation; Y translation; yaw",-,fixed,"Mechanical guide must constrain non-commanded DOF","AGENTS.md; requirements/hard_constraints.md",mechanism comparison,No change without explicit user approval
P-SAF-001,Human riding,HARD_CONSTRAINT,prohibited,-,fixed,"Project cannot claim people-carrying suitability","AGENTS.md; requirements/hard_constraints.md",not a calculation,No change
P-SAF-002,Cart lock principle,HARD_CONSTRAINT,"mechanical locating plus mechanical latching",-,fixed,"Electromagnets may not be primary lock","AGENTS.md; SRC-LAT-001; SRC-LAT-004; SRC-GDE-003",latch_load.py,No change without approval
P-SAF-003,End limiting,HARD_CONSTRAINT,"electrical limits separate from independent mechanical stops",-,fixed,"Actuator internal limits cannot be the only travel limit","AGENTS.md; SRC-STD-001; SRC-STD-002; SRC-SAF-002",mechanical stop requirement,No change
P-SAF-004,E-stop device family,CANDIDATE,"Omron A22E or Schneider XB4/ZB4 family",model,provisional,"Industrial E-stop candidates identified","SRC-SAF-001; SRC-SAF-003",safety review,Final safety circuit not designed in Phase 0
P-SAF-005,Limit/interlock switch family,CANDIDATE,Omron D4N family,model,provisional,"Direct-opening/IP67 limit switch family identified","SRC-SAF-002",safety review,Use in addition to mechanical stops
P-SAF-009,LS-01 external electrical limit seed,ARCHIVED_OPTION,"2x Omron D4N roller-plunger envelopes per actuator; +/-8 mm slotted adjustment",model;mm,omitted_static_bench,"User reduced the device to stationary supervised low-speed test operation","SRC-SAF-002; user message 2026-08-27",archived CAD parameters,"Reconsider if mobile unattended higher-speed or safety-reviewed"
P-SAF-010,LS-01M minimum travel protection,SELECTED,"Firgelli built-in non-adjustable electrical limits plus independent external mechanical collars",-,implemented_seed,"Keeps electrical and mechanical travel paths separate without the industrial D4N package","SRC-ACT-001; user message 2026-08-27",CAD and component-presence regression,"Built-in limits are not adjustable; low-speed supervised bench use only"
P-SAF-006,Motor power isolation,HARD_CONSTRAINT,"main relay or DC contactor must remove actuator motor power",-,open,"E-stop must not be MCU software input only","SRC-STD-002; SRC-SAF-001; SRC-SAF-003",safety architecture review,Define contactor/relay after actuator voltage is resolved
P-SAF-007,Per-channel overcurrent protection,HARD_CONSTRAINT,"fuse or breaker per actuator drive channel",-,open,"Fault in one actuator channel should not leave wiring unprotected","SRC-DRV-001; SRC-DRV-002; SRC-DRV-003",power_budget.py,Select after driver and bus voltage decision
P-SAF-008,Cart-present and latch-closed interlock,HARD_CONSTRAINT,required,-,open,"Movement should require mechanically seated cart and closed latches",AGENTS.md,latch_load.py,Define switch/sensor placement later
P-SYS-001,Material payload sweep,DERIVED,"5; 10 primary; 20 archived sensitivity",kg,selected_analysis_case,"User confirmed 10 kg carried payload is sufficient on 2026-08-25",pasted parameter prompt; user message 2026-08-25,user_confirmed_baseline.py,"20 kg is no longer a design target"
P-SYS-002,Cart mass basis,DERIVED,"10 primary; 20; 30 archive sensitivity",kg,user_confirmed,"User expects empty cart mass about 10 kg and can design the cart around the leveling device; images still must not be used for dimensions",user message 2026-08-25; pasted parameter prompt; HC-006,user_confirmed_baseline.py,Recheck after new cart frame concept is sketched
P-SYS-003,Rated PoC material payload,TARGET,10,kg,user_confirmed,"User confirmed 10 kg carried payload is sufficient on 2026-08-25; this excludes empty cart and module mass",user message 2026-08-25; calculations/user_confirmed_baseline.py,user_confirmed_baseline.py,Use as baseline PoC payload
P-SYS-004,Legacy 100 kg payload note,UNRESOLVED,not adopted,kg,open,"Appears in earlier sketch but conflicts with latest parameter sweep and has no measured cart basis",references/cart_reference.png; HC-006,not used in calculations,User must explicitly approve a 100 kg redesign if required
P-MASS-001,Fixed base mass,UNRESOLVED,TBD,kg,open,"Lower fixed parts are not lifted by the upper platform but affect total module mass",cad/parameters.py,BOM required,Do not include in actuator lifted mass unless kinematically moving
P-MASS-002,Moving frame and upper interface mass,ASSUMED,TBD,kg,open,"Frame/plate/guide/bracket moving mass is not yet separated",cad/parameters.py,BOM required,Split from fixed base before approval
P-MASS-003,Moving actuator contribution,ASSUMED,TBD,kg,open,"Only the moving portion of each inclined actuator should be counted in lifted mass if modeled precisely","SRC-ACT-001",BOM and kinematic mass split required,Do not hide inside one lumped value after approval
P-MASS-004,Empty cart mass,DERIVED,"10 primary; 20; 30 archive sensitivity",kg,user_confirmed,"User expects empty cart mass about 10 kg; cart can be designed to suit the leveling device",user message 2026-08-25; pasted parameter prompt; HC-006,user_confirmed_baseline.py,Recheck after cart frame concept and BOM
P-MASS-005,Material payload mass,TARGET,10,kg,user_confirmed,"Additional material load carried by the cart; user said higher load is unnecessary",user message 2026-08-25; calculations/user_confirmed_baseline.py,user_confirmed_baseline.py,Do not size primary PoC around 20 kg payload
P-MASS-006,Total lifted mass,DERIVED,"moving structure + cart + material payload",kg,open,"Actuator force must use total lifted mass, not material payload alone",calculations/load_distribution.py,load_distribution.py,Approve only after moving/fixed mass split
P-MASS-007,Moving structure mass sweep,DERIVED,"15; 22",kg,selected_analysis_case,"Simplified PoC target should avoid a heavy moving structure; older 30/40 kg cases are no longer primary",feedback review; user message 2026-08-25,user_confirmed_baseline.py,Replace after CAD mass properties and BOM
P-SYS-006,Design factor sweep,DERIVED,"1.5 baseline; 2.0 sensitivity",-,selected_analysis_case,"User asked not to apply unnecessarily high criteria; keep DF 2.0 as sensitivity only",user message 2026-08-25,user_confirmed_baseline.py,Not certification-level structural safety factor
P-SYS-007,PoC screening design factor,ASSUMED,1.5,-,provisional,"Simplified PoC baseline after user confirmed low load and +/-3 deg only",user message 2026-08-25; calculations/user_confirmed_baseline.py,user_confirmed_baseline.py,Use DF 2.0 only as sensitivity until real risk review
P-GEO-001,Overall length target,TARGET,900,mm,provisional,"Target footprint only; not measured from cart image",requirements/target_requirements.md; HC-006,current CAD envelope,Needs measured interface confirmation
P-GEO-002,Overall width target,TARGET,800,mm,provisional,"Target footprint only; not measured from cart image",requirements/target_requirements.md; HC-006,current CAD envelope,Needs measured interface confirmation
P-GEO-003,Disconnected device height envelope,TARGET,"250 to 300",mm,user_confirmed,"User clarified the leveling device can be about 250 to 300 mm high before coupling and the cart can be made around it",user message 2026-08-25; workspace_operating_window_screen.py,Must still pass actual actuator guide and stop evidence
P-GEO-004,Collapsed height planning target,CANDIDATE,270,mm,provisional,"WS-01-H20 raises the older 250 mm geometry by 20 mm to keep practical lower actuator reserve within the user-confirmed envelope",user message 2026-08-25; workspace_operating_window_screen.py,Use only as pre-CAD candidate pending V-02 and V-03
P-GEO-005,Vertical lift sweep,DERIVED,"50; 75; 100",mm,selected_analysis_case,"User parameter prompt requires sweep",pasted parameter prompt; workspace_operating_window_screen.py,Analysis input only
P-GEO-006,Lift target,TARGET,100,mm,provisional,"WS-01-H20 passes all 0/50/75/100 mm and nine +/-3 deg grid points with the selected guide and soft reserve",SRC-ACT-001; workspace_operating_window_screen.py,Require real endpoint stop and guide evidence before approval
P-GEO-007,Pitch target,TARGET,+/-3,deg,user_confirmed,"User confirmed +/-3 deg is enough on 2026-08-25",SRC-ACT-001; user message 2026-08-25; workspace_operating_window_screen.py; yaw_a_gimbal_kinematic_screen.py,Approve only with V-02 and V-03 evidence
P-GEO-008,Roll target,TARGET,+/-3,deg,user_confirmed,"User confirmed +/-3 deg is enough on 2026-08-25",SRC-ACT-001; user message 2026-08-25; workspace_operating_window_screen.py; yaw_a_gimbal_kinematic_screen.py,Approve only with V-02 and V-03 evidence
P-GEO-009,Pitch/roll stretch case,ARCHIVED_SENSITIVITY,+/-5,deg,not_required,"User confirmed +/-3 deg implementation is sufficient; +/-5 no longer needs to drive fabrication",SRC-ACT-001; SRC-JNT-001; SRC-JNT-003; user message 2026-08-25,combined_workspace.py; user_confirmed_baseline.py,Keep only as future stretch option
P-GEO-010,Pitch/roll stress case,ARCHIVED_SENSITIVITY,+/-8,deg,not_required,"Fails stroke/end-margin or force screening and user does not require high angle",SRC-ACT-001; calculations/load_distribution.py; user message 2026-08-25,combined_workspace.py; load_distribution.py,Archive as sensitivity only
P-GEO-011,Actuator commanded soft end reserve,DERIVED,15,mm,provisional,"Selected planning keep-out from both 319/523 mm catalogue endpoints for endpoint uncertainty position-feedback/deceleration and assembly tolerance",workspace_operating_window_screen.py; travel_limit_hierarchy_screen.py,Not a final mechanical-stop location
P-GEO-012,Combined Z-pitch-roll workspace,DERIVED,"WS-01-H20: 270 mm collapsed; 0 to 100 mm lift; +/-3 deg pitch/roll",-,conditional,"All selected grid points pass the 334-508 mm command window with >=11.13 mm minimum reserve",workspace_operating_window_screen.py,Close only after V-02/V-03 bench evidence
P-GEO-013,Usable lift at full leveling angle,DERIVED,100,mm,conditional,"Selected 100 mm lift plus nine-corner +/-3 deg grid passes with selected guide/actuator candidate",workspace_operating_window_screen.py,Requires real guide and actuator-stop verification
P-GEO-014,Usable leveling angle at minimum height,DERIVED,+/-3,deg,conditional,"At 270 mm candidate height the 0 mm lift diagonal +/-3 deg case retains about 11.13 mm lower soft reserve",workspace_operating_window_screen.py,Do not extend to +/-5 without a new screen
P-GEO-015,Usable leveling angle at maximum height,DERIVED,+/-3,deg,conditional,"At 100 mm lift the selected grid retains 88 mm guide overlap and remains inside the actuator soft window",workspace_operating_window_screen.py,Guide side load and stop-contact evidence still required
P-GEO-016,Keyed guide package for selected workspace,CANDIDATE,"195 outer; 220 inner",mm,provisional,"With the 270 mm candidate and 100 mm lift this retains 88 mm overlap against the 80 mm target",workspace_operating_window_screen.py,No CAD or fabrication geometry approved
P-GEO-017,Travel limit hierarchy,DERIVED,"command 334-508; electrical 329/513; guarded mechanical 324/518",mm,provisional,"Separates command control electrical pre-limit and physical stop before catalogue endpoints",travel_limit_hierarchy_screen.py,Actual switch/stop geometry and measured overrun required
P-GEO-018,LS-01M collar offsets and archived cam references,DERIVED,"lower mechanical 104; archived lower electrical 109; archived upper electrical 293; upper mechanical 298",mm,provisional,"220 mm MB21 fixed station and zero-offset front-pin datum retain the independent mechanical bounds; external cams are omitted","SRC-ACT-001; SRC-ACT-007; SRC-STP-001; actuator_limit_package_screen.py",actuator_limit_package_screen.py,"Mechanical offsets require endpoint and collar push-off validation"
P-GEO-019,LS-01 twin-rod package,CANDIDATE,"2x 12 mm rods at 104 mm centers; 320 mm long; 4x 28x11 mm collars per actuator",mm,provisional,"Twin rods keep stop reaction symmetric and fit the revised 298 mm maximum collar offset","SRC-ACT-007; SRC-STP-001; actuator_limit_package_screen.py",CAD interference and static screen,"MB21 reaction clevis adapter collar push-off impact and guarding remain open"
P-GEO-020,Firgelli mount datums,CANDIDATE,"MB21 envelope centered 220 mm from rear pin; moving datum at front-clevis pin; capture bridge 32 mm behind pin",mm,implemented_seed,"Official actuator and bracket STEP files replace the unsupported 42 mm crosshead datum","SRC-ACT-001; SRC-ACT-007; SRC-ACT-008; SRC-ACT-009",vendor_mount_datum_screen.py; CAD interference regression,"STEP measurements are not toleranced; vendor stop-load acceptance and purchased-part measurements remain required"
P-ACT-001,Actuator count,SELECTED_CONCEPT,3,ea,provisional,"Three supports define one plane and avoid four-point overconstraint",concepts/decision_matrix.md,mechanism comparison,Concept direction can stand while hardware remains unapproved
P-ACT-002,Baseline actuator model,ARCHIVED_CANDIDATE,"Firgelli F-SD-H-450-12V-8in Hall",model,superseded,"Superseded by the NAVIMRO LA2000-125150 procurement baseline",SRC-ACT-001; user message 2026-08-25,archived calculations,"Do not use for Rev D procurement or electrical sizing"
P-ACT-003,Baseline actuator dynamic/static force,ARCHIVED_SPEC,2001.7,N,superseded,"Historical Firgelli 450 lbf conversion",SRC-ACT-001,archived load_distribution.py,"Not the selected purchase source"
P-ACT-004,Baseline actuator stroke,ARCHIVED_SPEC,203.2,mm,superseded,"Historical Firgelli 8 inch stroke conversion",SRC-ACT-001,archived combined_workspace.py,"Not the selected purchase stroke"
P-ACT-005,Baseline actuator end lengths,ARCHIVED_SPEC,"319 retracted; 523 extended",mm,superseded,"Historical Firgelli package dimensions",SRC-ACT-001,archived combined_workspace.py,"Do not apply to Rev D CAD"
P-ACT-006,Industrial actuator upgrade criterion,DERIVED,"upgrade only if 10 kg/+/-3 PoC package fails",-,open,"User prefers simple fabrication and does not need high load; avoid industrial upgrade unless force, duty, speed, package length or control fails","SRC-ACT-003; SRC-ACT-004; SRC-ACT-005; user message 2026-08-25",user_confirmed_baseline.py; combined_workspace.py,Remove arbitrary 4000 N threshold
P-ACT-007,Full lift time target,TARGET,"20 to 25",s,provisional,"Selected 5 mm/s nominal speed gives 20 s for 100 mm before load and settling",SRC-PROC-004; user message 2026-08-28,actuator timing estimate,Refine after bench test
P-ACT-008,Leveling time from 3 deg,TARGET,"10 to 15",s,provisional,"Slow actuator and synchronization settling make fast leveling unrealistic",SRC-ACT-001,actuator timing estimate,Refine after control test
P-ACT-009,NAVIMRO actuator procurement model,SELECTED_PURCHASE,"K92931811 / DIHOOL LA2000-125150",model,user_confirmed,"Current single-order actuator row; DHLA6000 imagery is reference-only",SRC-PROC-004; user message 2026-08-28,procurement/navimro_single_order_bom.csv,"Exact manufacturer subtype and A1/A2 interface drawing remain open"
P-ACT-010,NAVIMRO actuator supply voltage,USER_CONFIRMED_SPEC,12,V,confirmed,"NAVIMRO delivery specification confirmed by user",SRC-PROC-004; user message 2026-08-28,requirements/target_requirements.md,"Do not substitute DHLA6000 24 V data"
P-ACT-011,NAVIMRO actuator load rating,USER_CONFIRMED_SPEC,2000,N,confirmed,"Product rating; not a fabricated assembly working-load certification",SRC-PROC-004; user message 2026-08-28,navimro_joint_revD_screen.py,"Keep physical load and duty tests separate"
P-ACT-012,NAVIMRO actuator stroke,USER_CONFIRMED_SPEC,150,mm,confirmed,"Ordered travel specification",SRC-PROC-004; user message 2026-08-28,navimro_joint_revD_screen.py,"Pin-centre Lmin/Lmax still required"
P-ACT-013,NAVIMRO actuator nominal speed,USER_CONFIRMED_SPEC,5,mm/s,confirmed,"Ordered nominal speed specification",SRC-PROC-004; user message 2026-08-28,actuator timing estimate,"Verify loaded speed and synchronization on bench"
P-GDE-001,Central guide mobility,CANDIDATE,"YAW-A keyed guide plus lower +Y/upper local +X two-axis yoke",-,critical_open,"Selected axis order preserves Z/pitch/roll without independent yaw heading; physical side-load/backlash/contact behavior remains open","design_basis/yaw_a_gimbal_kinematic_definition.md; design_basis/guide_mobility_review.md",yaw_a_gimbal_kinematic_screen.py,"Do not approve until V-02 full-pose mock-up and side-load/backlash evidence are complete"
P-GDE-002,Cart locating principle,SELECTED_PRINCIPLE,"tapered locating pins/rest pads carry shear; latch carries preload/uplift",-,provisional,"Prevents overreliance on latch hook holding capacity",SRC-GDE-003; SRC-GDE-004; SRC-LAT-001,latch_load.py,Requires measured cart receiver design
P-GDE-006,Cart receiver locator topology,CANDIDATE,"one master locator plus one slotted/diamond secondary locator; four shim-adjustable rest pads; two or four latches",-,provisional,"Fits an aluminum-profile receiver without overconstraining the cart interface; latches remain preload/uplift items only","AGENTS.md; SRC-GDE-003; SRC-GDE-004; SRC-LAT-001; user message 2026-08-25",cart_profile_receiver_concept_2026-08-25.md,"Layout zones are not fabrication dimensions"
P-GDE-007,CR-01 rest pad span and load screen,DERIVED,"620 x 520 mm span; about 331 N max pad load and 81 N min pad load in active worst screen",mm;N,screened,"Four shim-adjustable rest pads remain compressive under the active low-load worst interface moment","calculations/interface_moments.py; user message 2026-08-25",cart_profile_receiver_screen.py,"Requires actual pad size material thread and shim method"
P-GDE-008,CR-01 locator load screen,DERIVED,"about 154 N master-locator shear if one locator carries all horizontal shear; about 32 N yaw couple force at 520 mm locator span",N,screened,"Current low-load receiver forces are small; wear backlash and seating geometry dominate over bulk strength","calculations/latch_load.py; calculations/user_confirmed_baseline.py",cart_profile_receiver_screen.py,"Requires locator hardware and insert plate detail"
P-GDE-009,CR-01-H1 locator insert seed,DERIVED,"12 mm locator interface in 8 mm local steel insert or hardened bushing; about 1.94 MPa bearing stress",mm;MPa,screened,"Combined locator screen load is only about 186 N in the active PoC case, but repeat seating wear still requires a hard contact surface","SRC-GDE-003; SRC-GDE-004; user message 2026-08-25",cart_receiver_hardpoint_screen.py,"Not a final locator SKU or hole detail"
P-GDE-010,CR-01-H1 rest pad insert seed,DERIVED,"40 x 30 mm contact on 8 mm local pad; about 0.28 MPa contact pressure; shim adjustment required",mm;MPa,screened,"Bulk contact pressure is low; practical issue is four-point seating adjustment and lock method","SRC-GDE-004; user message 2026-08-25",cart_receiver_hardpoint_screen.py,"Define shim screw thread and lock method before approval"
P-GDE-011,CR-01-H1 positive anti-slip feature,HARD_CONSTRAINT,"dowel, keyed plate, shoulder block, or positive stop after alignment",-,open,"Placeholder slip screen passes, but final repeatable locating must not depend only on profile-slot friction","SRC-FRM-001; SRC-STD-004; AGENTS.md",cart_receiver_hardpoint_screen.py,"Choose after mock-up alignment strategy"
P-GDE-012,CR-01-H2 final locating topology,DERIVED,"slot fasteners for mock-up clamp/adjustment plus shoulder/key/positive stop final shear path; optional 6 mm or larger dowel after alignment",-,provisional,"Friction-only slot fastening passes the placeholder slip screen but is rejected as the final X/Y/yaw locating path","SRC-FRM-001; SRC-GDE-003; SRC-GDE-004; SRC-STD-004; user message 2026-08-25",cart_receiver_connector_topology_screen.py,"Topology seed only; exact stop/dowel geometry unresolved"
P-GDE-013,CR-01-H3 master/secondary locator stack rule,DERIVED,"master locator constrains X/Y; slotted secondary locator constrains Y and releases X",-,provisional,"Avoids overconstraint while preserving yaw reference through separated Y reaction","SRC-GDE-003; SRC-GDE-004; user message 2026-08-25",cart_receiver_connector_detail_screen.py,"Do not add round dowel or hard stop that blocks secondary locator X motion"
P-GDE-014,CR-01-H3 rest pad stack rule,DERIVED,"rest pads carry Z seating and shim adjustment only; release X/Y horizontal shear",-,provisional,"Prevents rest pads from becoming hidden side stops or overconstraint points","SRC-GDE-004; user message 2026-08-25",cart_receiver_connector_detail_screen.py,"Exact shim lock and access unresolved"
P-GDE-003,Actuator end joint definitions,UNRESOLVED,TBD,-,critical_open,"Screened lower joint deviation reaches 10.94 deg at +/-3 deg and 13.85 deg at +/-5 deg; primary actuator joints need spatial articulation and load margin","design_basis/guide_mobility_review.md; design_basis/joint_candidate_screen.md",mobility_analysis.py; joint_candidate_screen.py,Define before detailed CAD
P-GDE-004,Central guide joint definitions,UNRESOLVED,TBD,-,critical_open,"Need lower slide construction, upper Cardan axes, yaw constraint path, side-load path and purchased yaw-transmitting joint definition","design_basis/guide_mobility_review.md; design_basis/joint_candidate_screen.md",mobility_analysis.py; joint_candidate_screen.py,Define before detailed CAD
P-GDE-005,Guide/Jacobian rank check,DERIVED,"rank 3 in screened +/-3/+/-5/+/-8 actuator-length mapping",-,screened,"Length mapping is not singular in the checked range; physical joint implementation remains unresolved","design_basis/guide_mobility_review.md",mobility_analysis.py,Repeat after actual joint limits and geometry are selected
P-JNT-001,Actuator joint angular allowance,DERIVED,">=13 deg for +/-3 baseline",deg,open,"User no longer requires +/-5; lower actuator joint deviation plus 2 deg margin still drives the baseline","SRC-JNT-001; SRC-JNT-004; SRC-JNT-006; user message 2026-08-25",joint_candidate_screen.py,Use as preliminary screening threshold only
P-JNT-002,Actuator joint static load screen,DERIVED,">=2 x calculated maximum actuator axial force",N,open,"Current screen uses DF 2.0 and 100 mm eccentricity; not a certification safety factor","SRC-JNT-001; SRC-JNT-004; SRC-JNT-006",load_distribution.py; joint_candidate_screen.py,Recalculate after mass split and final workspace
P-JNT-003,Single-axis clevis actuator joints,REJECTED,not acceptable as primary actuator end joint,-,screened,"Current actuator end motion is spatial and cannot be assumed planar","design_basis/joint_candidate_screen.md",joint_candidate_screen.py,Use only if a new planar linkage proof is added
P-JNT-004,Baseline actuator joint candidate,CANDIDATE,"HRT8E-style M8 rod end for +/-3 baseline; RBLD8-style high-angle link ball as reserve",model,provisional,"User confirmed +/-3 only; HRT8E passes the baseline screen but bracket must preserve articulation",SRC-JNT-004; SRC-JNT-006; user message 2026-08-25,joint_candidate_screen.py,Exact SKU and packaging unresolved
P-JNT-005,Central Cardan candidate family,CANDIDATE,"yaw-transmitting universal joint or equivalent two-axis gimbal",model,provisional,"Central guide must transmit yaw while allowing pitch/roll; Ruland single U-joint is a component-family reference by angle only","SRC-JNT-005",mobility_analysis.py; joint_candidate_screen.py,Verify torque backlash axial/radial load and mounting before detailed CAD
P-JNT-006,Actuator joint load-path rule,HARD_CONSTRAINT,"force line through ball center; avoid unsupported threaded-stud cantilever",-,critical_open,"M8 threaded standoff bending still dominates the low-load package screen even when pin shear and lug bearing are acceptable; M12 numeric pass should not replace clean load path design","SRC-JNT-004; SRC-JNT-006",joint_detail_screen.py,Resolve bracket topology before detailed CAD
P-JNT-007,Actuator joint pin and lug screen,DERIVED,"8 mm double-shear pin with 8 mm lug is not the current bottleneck under archived +/-5 screen",MPa,screened,"At archived +/-5 deg stretch screen under the current low-load mass basis the M8 pin double-shear stress is about 11 MPa and lug bearing about 17 MPa under placeholder allowables","SRC-JNT-004; SRC-JNT-006",joint_detail_screen.py,Recheck after real bracket material and geometry
P-JNT-008,Actuator joint upsize reserve,CANDIDATE,RBLD12-style high-angle link ball,model,conditional,"M12 upsize reduces pin/lug/stud stress and passes the low-load numeric 10 mm standoff screen, but remains a packaging reserve rather than a preferred load path","SRC-JNT-004",joint_detail_screen.py,Keep as packaging reserve only
P-JNT-009,Central yaw torque path,HARD_CONSTRAINT,"yaw must be carried by a defined guide/gimbal/key/contact path",-,critical_open,"User-confirmed PoC yaw screen is lighter, but a free U-joint/spherical joint still cannot be the primary yaw constraint by itself","SRC-JNT-007; SRC-JNT-008; user message 2026-08-25",yaw_a_architecture_screen.py,Define torque path through guide/gimbal/keys/fasteners
P-JNT-010,Central guide tube torsion reference,DERIVED,"50 x 3 mm square tube gives about 9.4 MPa torsional shear and 0.17 deg twist at 125 Nm",MPa;deg,screened,"Tube itself is not the obvious torsional bottleneck; connections and backlash remain unresolved","cad/parameters.py",joint_detail_screen.py,Recheck after actual tube material and connection design
P-JNT-011,Preferred central yaw path direction,SELECTED_CONCEPT,"YAW-A keyed square telescoping guide carries yaw torque; two-axis gimbal only permits pitch/roll",-,critical_open,"Yaw path comparison ranks this highest because tube/key loads are plausible and it avoids using a small U-joint as the sole torque path","design_basis/central_yaw_path_comparison.md",central_yaw_path_comparison.py,Concept direction only; not detailed CAD
P-JNT-012,Keyed square guide peak torsion screen,DERIVED,"archived conservative reference: 18.8 MPa torsional shear and 0.34 deg twist at 250 Nm peak/design",MPa;deg,screened,"Closed-section 50 x 3 mm square tube estimate under older conservative yaw torque screen; low-load PoC screen is much lower","cad/parameters.py; user message 2026-08-25",central_yaw_path_comparison.py; yaw_a_architecture_screen.py,Connections and backlash remain open
P-JNT-013,Key/contact yaw couple screen,DERIVED,"about 328 N couple force; about 0.41 MPa contact pressure with 80 mm overlap and 10 mm contact width",N;MPa,screened,"Preliminary contact face screen for YAW-A keyed slide under user-confirmed 10 kg payload, 10 kg cart, +/-3 PoC baseline","cad/parameters.py; user message 2026-08-25",yaw_a_architecture_screen.py,Wear pad material clearance and preload unresolved
P-JNT-014,Oversized direct Cardan reserve,CANDIDATE,Ruland US32 class direct-torque U-joint,model,conditional,"US32 reference passes current torque/angle screen but is large for central stack","SRC-JNT-009",central_yaw_path_comparison.py,Reserve only pending package/cost/backlash review
P-JNT-015,Single 16 mm ball spline yaw path,CANDIDATE_RESERVE,low-load reserve only,model,conditional,"Under the user-confirmed low-load PoC screen torque is not the primary blocker, but pitch/roll isolation, procurement and package complexity remain unattractive versus YAW-A","SRC-JNT-010; user message 2026-08-25",central_yaw_path_comparison.py; yaw_a_architecture_screen.py,Study only if YAW-A is too hard to fabricate
P-JNT-016,Dual anti-yaw guide reserve,CANDIDATE,"two separated guide paths with explicit top compliance/gimbal",-,conditional,"Load screen is easy at 400 mm separation but package and overconstraint risk are high","SRC-GDE-002",central_yaw_path_comparison.py,Reserve concept only
P-JNT-017,YAW-A constraint definition,SELECTED_CONCEPT,"constrain tx; ty; rz and allow tz; rx; ry",-,critical_open,"Constraint rank 3 leaves the required Z/pitch/roll motion; selected 2R axis order preserves zero selected world-heading yaw in the required grid","design_basis/yaw_a_gimbal_kinematic_definition.md",yaw_a_architecture_screen.py; yaw_a_gimbal_kinematic_screen.py,Physical mock-up still required
P-JNT-018,YAW-A gimbal design angle,DERIVED,8,deg,provisional,"Passes user-confirmed +/-3 deg pitch/roll plus 2 deg margin; simpler than the earlier +/-5-oriented 12 deg candidate","design_basis/yaw_a_architecture_definition.md; user message 2026-08-25",yaw_a_architecture_screen.py,Update CAD only after approval
P-JNT-019,YAW-A total gimbal hard-stop envelope,DERIVED,10,deg,provisional,"This is a total diagonal tilt envelope, not a per-pin axis value",design_basis/yaw_a_gimbal_kinematic_definition.md; user message 2026-08-25,yaw_a_gimbal_kinematic_screen.py,Independent mechanical stops required
P-JNT-020,YAW-A yaw clearance and freeplay target,DERIVED,"<=0.2 mm preferred; <=0.3 mm max; freeplay target <=0.25 deg and max <=0.5 deg",mm;deg,provisional,"0.2 mm total clearance gives about 0.23 deg freeplay; 0.5 mm gives about 0.57 deg and is rejected","design_basis/yaw_a_architecture_definition.md",yaw_a_architecture_screen.py,Needs shim/wear pad/preload plan
P-JNT-021,YAW-A anti-yaw contact face,DERIVED,">=10 mm contact width; >=80 mm overlap; >=100 mm preferred overlap",mm,provisional,"At about 16 Nm user-confirmed PoC design yaw torque this gives about 328 N couple force and 0.41 MPa contact pressure at 80 mm overlap","design_basis/yaw_a_architecture_definition.md; user message 2026-08-25",yaw_a_architecture_screen.py,Wear material and contamination protection unresolved
P-JNT-022,YAW-A gimbal/yoke pin screen,DERIVED,">=50 mm yaw couple arm; >=10 mm pin; >=8 mm lug thickness",mm,provisional,"At about 16 Nm user-confirmed PoC design yaw torque this gives about 2.1 MPa pin shear and 4.1 MPa lug bearing","design_basis/yaw_a_architecture_definition.md; user message 2026-08-25",yaw_a_architecture_screen.py,Bearing life fatigue fastener sizing unresolved
P-JNT-023,Loose spherical central joint,REJECTED,not acceptable without separate yaw lock,-,screened,"Constraint rank leaves yaw as a passive DOF and violates X/Y/yaw mechanical constraint requirement","design_basis/yaw_a_architecture_definition.md",yaw_a_architecture_screen.py,Use only with separate yaw anti-rotation path
P-JNT-024,HRT8E actuator-axis capacity basis,DERIVED,"5.29 kN catalog axial static limit; 26.77 kN radial static retained as context only",kN,provisional,"Actuator resultant acts along the rod-end axis, so the lower axial static value is the conservative catalog basis","SRC-JNT-006",joint_candidate_screen.py; actuator_bracket_package_screen.py,"Do not substitute radial rating; exact permitted load direction still needs drawing review"
P-JNT-025,JNT-BR-01 HRT8E bracket topology,CANDIDATE,"centered boxed double-shear yoke: two 8 mm lug seeds plus 8 mm pin; force and pin intersect at ball center",mm,provisional,"Eliminates unsupported threaded-shank standoff while preserving a simple plate/yoke fabrication direction","SRC-JNT-006; SRC-STD-004; user message 2026-08-25",actuator_bracket_package_screen.py,"Not a final material, weld, bolt, pin-retention or attachment design"
P-JNT-026,JNT-BR-01 local pin and lug screen,DERIVED,"about 8.7 MPa pin double shear; 78.5 MPa pin bending at 18 mm support span; 13.7 MPa lug bearing; 38.5 MPa lug root bending",MPa,screened,"Revised after applying official HRT8E 23 mm body and 11 mm eye dimensions; placeholder allowables only","SRC-JNT-006; SRC-STD-004",actuator_bracket_package_screen.py,"Recalculate from actual pin material bushing fit lug shape attachment and measured load"
P-JNT-027,JNT-BR-01 articulation clearance gate,DERIVED,"required articulation about 12.94 deg; catalog 14 deg; residual about 1.06 deg",deg,conditional,"HRT8E remains a +/-3 candidate only if a real bracket preserves full catalog articulation without contact","SRC-JNT-006; user message 2026-08-25",actuator_bracket_package_screen.py,"Physical go/no-go check and manufacturer drawing required before parameter approval"
P-JNT-028,YAW-A gimbal axis order,SELECTED_CONCEPT,"lower fixed +Y pitch; upper local +X roll; R=Ry(pitch)Rx(roll)",-,conditional,"Chosen axis order has no independent world-heading yaw across the +/-3 grid and forbids a third azimuth joint",yaw_a_gimbal_kinematic_definition.md,yaw_a_gimbal_kinematic_screen.py,Validate with V-02 mock-up before approval
P-JNT-029,YAW-A independent angular stop seed,DERIVED,"pitch +/-7; roll +/-7; about 9.89 diagonal total tilt",deg,provisional,"Simple per-axis stop contacts remain below the existing 10 deg total-tilt envelope; two 10 deg pin stops would be unacceptable",yaw_a_gimbal_kinematic_definition.md,yaw_a_gimbal_kinematic_screen.py,Final stop material/contact/attachment remain open
P-FRM-001,Frame profile candidate,CANDIDATE,MISUMI HFS8-4040,model,provisional,"40x40 profile with catalog section data; common modular PoC frame",SRC-FRM-001; SRC-FRM-002,frame_deflection.py,Connection strength not yet validated
P-FRM-002,Frame procurement format,CANDIDATE,"cut-to-length HFS8-4040 or fixed-length KHFS8/KHFS8-4040 with local cutting",model,open,"Series and procurement format should not be collapsed into one ambiguous selected model","SRC-FRM-001; SRC-FRM-002; SRC-FRM-004",procurement review,Choose exact local order code before purchase
P-FRM-003,Stiffer frame option,CANDIDATE,MISUMI GFS8-4040,model,conditional,"Higher catalog mass and second moment of area than HFS8-4040",SRC-FRM-002,frame_deflection.py,Check connection stiffness before upgrading profile
P-FRM-004,Connection stiffness and bracket design,UNRESOLVED,TBD,-,open,"Profile section is not enough; brackets, bolts, joint plates, slots and preload dominate stiffness",feedback review,detail design required,Required before fabrication CAD
P-FRM-005,Cart receiver fabrication method,TARGET,"bolt-together aluminum profile receiver with local metal hard points",-,user_preferred,"User prefers aluminum profile for ease of machining fabrication assembly and adjustment","user message 2026-08-25",cart_profile_receiver_concept_2026-08-25.md,"Exact section connectors and hard-point plates remain open"
P-FRM-006,Cart receiver profile section,CANDIDATE,"30 mm or 40 mm class T-slot/profile; do not freeze one section yet",mm,open,"10 kg cart target favors lighter members while local receiver stiffness may justify 40 mm class rails near hard points","SRC-FRM-001; SRC-FRM-004; user message 2026-08-25",cart_profile_receiver_concept_2026-08-25.md,"Source exact section data and mass before APPROVE PARAMETERS"
P-FRM-007,CR-01 preferred cart receiver layout,CANDIDATE,"two 760 mm HFS8-4040 longitudinal receiver rails in a 760 x 560 mm receiver zone",mm,provisional,"Two-rail kit keeps the receiver adjustable and screens lighter than a self-contained rectangular subframe","SRC-FRM-001; user message 2026-08-25",cart_profile_receiver_screen.py,"Layout seed only; not hole locations or fabrication dimensions"
P-FRM-008,CR-01 receiver kit screened mass,DERIVED,"about 4.50 kg with placeholder local hard points",kg,screened,"HFS8 two-rail kit uses about 45 percent of the 10 kg empty-cart basis and is preferred over the 6.43 kg rectangular reserve","SRC-FRM-001; user message 2026-08-25",cart_profile_receiver_screen.py,"Replace after exact cut list, connector hardware, and insert plates"
P-FRM-009,CR-01 rectangular subframe reserve mass,DERIVED,"about 6.43 kg for HFS8 self-contained rectangular receiver",kg,conditional,"Possible but heavy for the 10 kg empty-cart target unless the cart frame cannot provide cross support","SRC-FRM-001; user message 2026-08-25",cart_profile_receiver_screen.py,"Reserve only"
P-FRM-010,CR-01-H1 insert-to-profile fastening seed,CANDIDATE,"two M8-class T-slot fasteners per critical hard point; placeholder slip margin about 6.45x",-,provisional,"A modest clamp/friction screen passes active load, but connector stiffness and final anti-slip details remain open","SRC-FRM-001; SRC-STD-004; user message 2026-08-25",cart_receiver_hardpoint_screen.py,"Do not approve friction-only locating"
P-FRM-011,CR-01-H1 local keeper/stop tab seed,DERIVED,"40 mm wide x 6 mm thick local tab with 25 mm cantilever gives about 16 MPa bending stress at 154 N load",mm;MPa,screened,"Bulk bending is not the likely blocker; edge distance and bolt pattern remain unresolved","SRC-STD-004; SRC-GDE-003; SRC-GDE-004",cart_receiver_hardpoint_screen.py,"Not a fabrication plate detail"
P-FRM-012,CR-01-H2 preferred connector topology,CANDIDATE,"CR-01-H2-B: two M8-class T-slot fasteners per critical hard point plus shoulder/key/positive stop final locating",-,provisional,"Keeps aluminum-profile adjustment while moving final shear/yaw locating away from slot friction","SRC-FRM-001; SRC-STD-004; user message 2026-08-25",cart_receiver_connector_topology_screen.py,"Exact slot nut/backing plate/profile-wall bearing unresolved"
P-FRM-013,CR-01-H2 positive stop screen,DERIVED,"40 x 8 mm stop contact gives about 0.58 MPa bearing; 6 mm tab with 25 mm cantilever gives about 19 MPa bending; optional 6 mm dowel gives about 6.6 MPa shear",mm;MPa,screened,"Current low-load connector demand is about 186 N, so bulk stop/dowel stress is low; wear, edge distance, access and repeatability remain open","SRC-STD-004; SRC-GDE-003; SRC-GDE-004",cart_receiver_connector_topology_screen.py,"Not a final block, dowel or hole detail"
P-FRM-014,CR-01-H3 profile wall and slot nut local screen,DERIVED,"profile wall/stop bearing about 1.74 MPa with 3x local factor; slot nut clamp contact about 18.5 MPa with placeholder 18 x 12 mm contact",MPa,screened,"Bulk local bearing appears low, but exact slot nut contact, profile lip geometry, torque and indentation are unresolved","SRC-FRM-001; SRC-STD-004",cart_receiver_connector_detail_screen.py,"Add backing/stiffer stack if mock-up shift or torque relaxation appears"
P-FRM-015,CR-01-H3 mock-up acceptance rule,DERIVED,"30 coupling cycles; add backing or stiffer stack if hard-point shift >0.2 mm or fastener torque relaxation >20 percent",cycles;mm;%,provisional,"Turns slot/backing decision into a bench check rather than an assumption","SRC-FRM-001; SRC-STD-004; user message 2026-08-25",cart_receiver_connector_detail_screen.py,"Before APPROVE PARAMETERS; not a certification durability test"
P-GDE-015,CR-01-H4 locator hardware seed,CANDIDATE,"master: 12 mm removable round bushing plus replaceable stop; secondary: 12 mm nominal contact in 20 mm X-slot/diamond receiver",mm,provisional,"Preserves H3 axis roles while making both location and wear surfaces serviceable","SRC-GDE-003; SRC-GDE-004; SRC-STD-004; user message 2026-08-25",cart_receiver_hardware_selection_screen.py,"Not a final fit, tolerance, or supplier item"
P-FRM-016,CR-01-H4 replaceable stop hardware,DERIVED,"40 x 8 mm contact; 8 mm local steel stop; 25 mm cantilever; about 1.7 MPa bearing and 32.7 MPa bending at 3x local load",mm;MPa,screened,"Bulk screen passes placeholder steel comparisons at about 558 N local load; screw pattern and edge distance remain open","SRC-STD-004; SRC-FRM-001; SRC-GDE-003; SRC-GDE-004",cart_receiver_hardware_selection_screen.py,"Not a fabrication stop block"
P-FRM-017,CR-01-H4 master bushing and rest-pad local screens,DERIVED,"12 mm x 8 mm removable bushing: about 5.8 MPa bearing; 40 x 30 mm rest pad: about 0.8 MPa contact at 3x Z factor",mm;MPa,screened,"Retain replaceable bushing and keep rest pad on Z seating only","SRC-GDE-003; SRC-GDE-004; SRC-STD-004",cart_receiver_hardware_selection_screen.py,"Final bushing material, fit, pad fasteners, and shims remain open"
P-FRM-018,CR-01-H4 backing bridge rule,DERIVED,"default T-slot adjustment; conditional nominal 60 x 40 x 6 mm steel backing bridge",mm,provisional,"Add only after >0.2 mm shift, >20 percent torque relaxation, wall marking, or preload drift in 30-cycle mock-up","SRC-FRM-001; SRC-STD-004; user message 2026-08-25",cart_receiver_hardware_selection_screen.py,"Bench evidence required; not a durability certification"
P-LAT-001,Latch baseline,CANDIDATE,"DESTACO 323-R or safety-hook equivalent",model,provisional,"360 lbf holding class suitable only for preload/uplift checks, not primary shear",SRC-LAT-001; SRC-LAT-004,latch_load.py,Final SKU after latch geometry
P-LAT-002,Latch count,DERIVED,"2 or more; current placeholder 4",ea,open,"Count depends on receiver geometry and uplift distribution",latch_load.py,latch_load.py,Do not freeze until cart interface measured
P-LAT-003,Secondary latch lock,HARD_CONSTRAINT,required,-,open,"Avoid inadvertent release under vibration or handling",SRC-LAT-004,latch review,Select safety-hook or separate lock feature
P-LAT-004,Latch preload,DERIVED,TBD,N,open,"Preload depends on latch geometry and receiver stiffness",latch_load.py,latch_load.py,Required before purchase
P-LAT-005,Latch closed sensing,HARD_CONSTRAINT,required,-,open,"Motion interlock should know latch state",feedback review,latch/electrical review,Add to control architecture
P-LAT-006,CR-01-H1 latch keeper seed,DERIVED,"5 mm local steel keeper; about 0.25 MPa bearing with 4 latches and 0.49 MPa with 2 latches",mm;MPa,screened,"Bulk keeper bearing is low; latch approach clearance secondary lock and sensor placement remain the important details","SRC-LAT-001; SRC-LAT-004; user message 2026-08-25",cart_receiver_hardpoint_screen.py,"Final latch SKU and keeper geometry unresolved"
P-LAT-007,CR-01-H3 latch keeper stack rule,DERIVED,"latch keeper carries preload/uplift and latch-closed sensing only; release primary horizontal shear",-,provisional,"Latch hook must not pull cart sideways as the shear path; locators/rest pads handle seating and shear","SRC-LAT-004; SRC-SAF-002; user message 2026-08-25",cart_receiver_connector_detail_screen.py,"Exact secondary lock and sensor bracket unresolved"
P-LAT-008,CR-01-H4 latch keeper hardware seed,DERIVED,"5 mm local steel keeper plus separate mechanical secondary lock and 25 x 25 x 35 mm sensor bracket envelope",mm,provisional,"Keeps retention, lock, and sensing independent from primary horizontal location","SRC-LAT-004; SRC-SAF-002; user message 2026-08-25",cart_receiver_hardware_selection_screen.py,"Exact latch, lock, sensor and bracket geometry unresolved"
P-SEN-001,Tilt/orientation sensor baseline,CANDIDATE,"BNO085 breakout for PoC",model,provisional,"Game Rotation Vector can reduce magnetic correction jumps because it does not use magnetometer fusion",SRC-SEN-001,sensor review,"Test vibration, drift, mounting, and magnetic environment"
P-SEN-002,Industrial tilt sensor option,CANDIDATE,WT901C,model,conditional,"Official WT901C pages list 0.2 deg pitch/roll accuracy and up to 200 Hz output, but exact interface variant must be selected",SRC-SEN-004,sensor review,Confirm TTL/232/485 SKU and protocol
P-SEN-003,Control deadband,TARGET,+/-0.5,deg,provisional,"PoC deadband target to avoid chatter",feedback review,bench test required,Refine after sensor/actuator test
P-SEN-004,Target final leveling error,TARGET,+/-1.0,deg,provisional,"More realistic PoC target than sub-degree guarantee",feedback review,bench test required,Do not guarantee until tested
P-SEN-005,Acceptance leveling limit,TARGET,+/-1.5,deg,provisional,"Acceptance threshold for PoC demonstration",feedback review,bench test required,Revise after test data
P-CTRL-001,Independent actuator drive channels,HARD_CONSTRAINT,3,channels,fixed,"Three actuators need independent position targets for pitch/roll, not one synchronized up/down command","SRC-DRV-001; SRC-DRV-002; SRC-DRV-004",power_budget.py,Driver model remains candidate
P-CTRL-002,Position reference method,HARD_CONSTRAINT,"power-on homing to lower reference switch",-,open,"Hall pulses are incremental; absolute position after power cycle needs a reference",SRC-ACT-001,control review,Define homing speed and timeout
P-CTRL-003,Homing speed,DERIVED,TBD,mm/s,open,"Must be slow enough to avoid binding and impact",control review,bench test required,Define before control code
P-CTRL-004,Maximum actuator position mismatch,DERIVED,TBD,mm,open,"Pulse loss or mismatch can twist the platform and load the guide",SRC-ACT-001,bench test required,Define fault threshold before control code
P-CTRL-005,Lost pulse detection,HARD_CONSTRAINT,required,-,open,"Incremental Hall feedback requires plausibility checks",SRC-ACT-001,control review,Required before powered test
P-DRV-001,Motor driver model,CANDIDATE,"MD13S x3, MD20A x3, MDD20A + single-channel driver, or multi-axis controller",model,open,"Cytron MD13S/MD20A are single-channel; MDD20A is two-channel","SRC-DRV-001; SRC-DRV-002; SRC-DRV-004",power_budget.py,Choose after bus voltage/current and control architecture
P-PWR-001,Actuator bus voltage,SELECTED,12,V,confirmed,"NAVIMRO delivery specification is DC 12 V","SRC-PROC-004; user message 2026-08-28",power_budget.py,Do not mix with the DHLA6000 24 V reference page
P-PWR-002,12 V supply class,SELECTED_CANDIDATE,"NES-350-12; 12 V 29 A / 348 W",A/W,provisional,"Current BOM supply candidate for three LA2000-125150 axes",SRC-PROC-019,power_budget.py,"Confirm actuator rated starting and stall current plus allowed concurrency"
P-PWR-003,24 V architecture,ARCHIVED_OPTION,not required unless actuator is reselected,V,not_required,"User prefers simple fabrication/assembly and the 12 V baseline force screen now passes","SRC-ACT-001; SRC-PWR-001; SRC-PWR-002; SRC-PWR-003; user message 2026-08-25",power_budget.py,Not approved with 12 V baseline
P-LOAD-001,Payload CG height sweep,DERIVED,"0; 300; 600",mm,selected_analysis_case,"Vertical/leaning construction materials can create large interface moments",feedback review,interface_moments.py,Replace after payload mock-up definition
P-LOAD-002,Payload X/Y offset sweep,DERIVED,"0; 50; 100",mm,selected_analysis_case,"Offset load affects actuator reactions and interface moment",feedback review,load_distribution.py; interface_moments.py,Replace after cart loading plan
P-LOAD-003,Payload lean angle,DERIVED,"use pitch/roll/tilt sweep 3;5;8 as proxy",deg,open,"Actual leaned material geometry not defined",feedback review,interface_moments.py,Define material mock-up
P-LOAD-004,Maximum pitch/roll interface moment,DERIVED,TBD,Nm,open,"Lower platform design is out of scope, but transmitted moments must be reported",feedback review,interface_moments.py,Do not infer lower support polygon from images
P-CAD-001,Concept approval gate,DECISION,"APPROVE CONCEPT received 2026-08-26",-,approved,"User entered the exact project gate phrase",user message 2026-08-26,phase gate check,"Authorizes detailed CAD only; not fabrication release"
P-CAD-002,Approved CAD workspace baseline,SELECTED,"WS-01-H20; 270 mm collapsed; 100 mm lift; +/-3 deg",-,implemented,"Selected candidate improves lower actuator reserve while meeting the user height envelope","user message 2026-08-26; calculations/workspace_operating_window_screen.py",94-test Phase 2 pipeline,"Keep preliminary until physical evidence closes"
P-CAD-003,External independent lift stop package,ARCHIVED_OPTION,"two passive telescopic captured-shoulder cartridges below deck",-,archived_not_preferred,"Mechanically plausible but visually heavy and rejected by user design feedback","design_basis/travel_limit_and_stop_strategy.md; cad/variants/yaw_a_detailed_2026_08_26.py",archived render and shape screen,"Do not reactivate without explicit user direction"
P-CAD-004,Upper central service opening,REJECTED_OPTION,"300 x 220",mm,rejected,"Belonged to the visually heavy central package and weakened the clean continuous deck appearance",cad/variants/upper_interface_yaw_a_detailed_2026_08_26.py,archived render review,"Active RADIAL_3_CLEAN uses no central service opening"
P-CAD-005,Active visual/mechanical layout,SELECTED,RADIAL_3_CLEAN,-,implemented,"User requested return to the existing three-actuator radial design",user message 2026-08-26,94-test Phase 2 pipeline,"Three equal 120-degree radial actuators remain the dominant structure"
P-CAD-006,Distributed actuator limit package,SELECTED,"LS-01M: four mechanical collar envelopes per actuator; no external D4N cams or brackets",-,implemented_seed,"Static-bench scope removes the industrial external electrical package while preserving independent mechanical travel bounds","SRC-ACT-001; SRC-STP-001; user message 2026-08-27",radial symmetry and shape validity tests,"Collar push-off MB21 reaction and actual endpoints remain open"
P-CAD-007,Detailed HRT8E actuator joint package,ARCHIVED_OPTION,"six boxed double-shear yokes; 18 mm gap; HRT8E envelopes",-,superseded_by_factory_eye_review,"Serial factory-eye to HRT8E adapters consume the current lower-stroke reserve","SRC-ACT-001; SRC-JNT-006",factory_clevis_gimbal_screen.py,"Retain only as design history or after support geometry changes"
P-CAD-008,HRT8E 14 deg projected clearance,ARCHIVED_ANALYSIS,"23 x 11 mm eye projects to about 16.24 mm; 18 mm gap leaves about 1.76 mm total",mm,screened,"The clearance calculation remains valid for the archived HRT8E package but is no longer the preferred active joint","SRC-JNT-006",actuator_bracket_package_screen.py,"Not the current factory-eye joint direction"
P-CAD-009,Factory-eye nested-gimbal joint,CANDIDATE,"JNT-CG-01; 8.2 mm factory pin; 12 mm adjustable mock-up gap; 6 mm plates; opposed M8 trunnions; 22 mm supported span",mm,measured_mockup_seed,"Preserves the actuator pin centre and two rotational axes without serial adapter length","SRC-ACT-001; SRC-ACT-010",factory_clevis_gimbal_screen.py; standalone STEP,"12 mm is not a selected-model eye measurement; actual eye thickness pin stack sweep root attachment fits and fatigue remain open"
P-CAD-010,NAVIMRO A2 flat-plate mounting baseline,SUPERSEDED_OPTION,"DIHOOL LA2000-125150 A2 flat-plate; 200 mm collapsed vertical joint separation; 285 mm disconnected height",mm,superseded,"The option passed geometry but was superseded when the user directed a no-flat-panel assumption","user message 2026-08-27; SRC-PROC-004; SRC-PROC-024",navimro_dhla2000_workspace_screen.py,"Retain as fallback only"
P-CAD-011,NAVIMRO non-flat actuator mounting baseline,SELECTED_REVD,"LA2000-125150 provisional M8 ends plus JFT-8R spherical rod ends in P03/P04/P16 double-shear yokes; 300 mm disconnected module height",mm,preliminary,"Official U/H drawings show alternative single-axis mounts; Rev D uses one spherical joint at each actuator end","user message 2026-08-27; SRC-PROC-027; SRC-PROC-028; SRC-PROC-029",navimro_joint_revD_screen.py,"Vendor A2 male/female M8 interfaces, actual pin-center limits, current/wiring and STEP required before fabrication release"
