pitch_deg,roll_deg,L1_mm,L2_mm,L3_mm,A1_turns,A2_turns,A3_turns,max_PHS_angle_deg
0,0,280.0,280.0,280.0,0.0,0.0,0.0,0.0
3,0,280.0,288.0155963527937,271.8237116494942,0.0,2.2901703865124836,-2.336082385858796,1.8552450681762545
-3,0,280.0,271.8237116494942,288.0155963527937,0.0,-2.336082385858796,2.2901703865124836,1.8552450681762545
0,3,287.82750525902884,274.27248864061573,274.27248864061573,2.23643007400824,-1.6364318169669332,-1.6364318169669332,1.7909537094744223
0,-3,271.6244084321,285.9232284459436,285.9232284459436,-2.3930261622571476,1.6923509845553164,1.6923509845553164,1.915648470042751
3,3,287.8159000990126,282.9403522944009,265.4202326377276,2.2331143140035983,0.840100655543113,-4.165647817792108,1.9410497176715007
3,-3,271.63497913371015,293.3095691463436,278.40283648111756,-2.390005961797101,3.802734041812463,-0.45633243396641127,1.9483223653439192
-3,3,287.8159000990126,265.4202326377276,282.9403522944009,2.2331143140035983,-4.165647817792108,0.840100655543113,1.9410497176715007
-3,-3,271.63497913371015,278.40283648111756,293.3095691463436,-2.390005961797101,-0.45633243396641127,3.802734041812463,1.9483223653439192
