bom_id,system,assembly,item,specification,used_qty,order_qty,order_unit,supplier,supplier_code,unit_price_krw_screen,extended_price_krw_screen,price_status,procurement_status,product_url,installation_or_cut_note
S01,구조,하부 프레임,알루미늄 프로파일,"DNF4040/M8, 40x40, 700 mm, 흑색, 직각 절단",2,2,EA,NAVIMRO,K92787708,21989,43978,VAT포함 화면가,ORDER,https://www.navimro.com/p/K92787708/,"하부 외곽 세로 레일 X=-330/+330; 끝단 탭 불필요"
S02,구조,하부 프레임,알루미늄 프로파일,"DNF4040/M8, 40x40, 620 mm, 흑색, 직각 절단",4,4,EA,NAVIMRO,K92787705,19789,79156,VAT포함 화면가,ORDER,https://www.navimro.com/p/K92787705/,"하부 횡재 Y=330/75/-37.5/-330; 주문제작 길이 재확인"
S03,구조,상부 프레임,알루미늄 프로파일,"DNF3030-6/M6, 30x30, 700 mm, 직각 절단",2,2,EA,NAVIMRO,K42296106,7689,15378,VAT포함 화면가,ORDER,https://www.navimro.com/p/K42296106/,"상부 외곽 세로 레일 X=-335/+335; 착불 여부 확인"
S04,구조,상부 프레임,알루미늄 프로파일,"DNF3030-6/M6, 30x30, 640 mm, 직각 절단",4,4,EA,NAVIMRO,K42296071,6589,26356,VAT포함 화면가,ORDER,https://www.navimro.com/p/K42296071/,"상부 횡재 Y=330/250/-125/-330; 주문제작 길이 재확인"
S05,구조,하부 프레임,40시리즈 직각 브래킷,"4035, 다이캐스트",8,8,EA,NAVIMRO,K92782553,913,7304,VAT포함 화면가,ORDER,https://www.navimro.com/p/K92782553/,"하부 내부 코너 8곳; F01+F06으로 2점씩 체결"
S06,구조,상부 프레임,30시리즈 직각 브래킷,"DCB3025",8,8,EA,NAVIMRO,K56842696,660,5280,VAT포함 화면가,ORDER,https://www.navimro.com/p/K56842696/,"상부 내부 코너 8곳; F02+F07으로 2점씩 체결"
M01,구동,액추에이터 3축,광학엔코더 리니어 액추에이터,"LM4075OE-1075, DC24V, stroke 100 mm, encoder 5V/6ppr, 10 mm/s, 750 N",3,3,EA,MotionGearOn,LM4075OE-1075,130000,390000,옵션 포함 화면 산정가,ORDER_EXACT_OPTION_VERIFY,https://motiongearon.com/product/%EA%B4%91%ED%95%99%EC%97%94%EC%BD%94%EB%8D%94-%EB%A6%AC%EB%8B%88%EC%96%B4%EC%95%A1%EC%B6%94%EC%97%90%EC%9D%B4%ED%84%B0-lm4075oe-1075-%EA%B3%A0%EC%A0%95%EB%B0%80-%EC%8B%A4%EB%A6%B0%EB%8D%94-1224v-10mms-750n/1717/,"세 대 모두 동일 배선 리비전으로 주문; 12V/타 스트로크/7-24V 엔코더 전원 옵션 금지"
M02,구동,액추에이터 하부,LMB-10 고정 브래킷,"LM4075용, 강재, 6 mm 피벗 계열; 핀과 코터핀 포함 구성",3,3,EA,Motorbank,1000007655/LMB-10,4400,13200,현재 상품 화면가,ORDER_CONTENT_VERIFY,https://www.motorbank.kr/goods/goods_view.php?goodsNo=1000007655,"각 축 하부 어댑터에 M8x16 두 개로 고정; 동봉 핀/코터핀 사용"
M03,구동,액추에이터 상부,암나사 로드엔드 베어링,"THK PHS6 RH, M6x1, bore 6, OD18, width 9",3,4,EA,SpeedMall,LCGJ5/THK-PHS6,13112,52448,VAT포함 화면가,ORDER,https://www.speedmall.co.kr/product/LCGJ5,"3개 사용+1개 예비; JFT-6R로 대체하지 않음"
C01,가공,액추에이터 A1 하부,A1 LMB 방사형 어댑터,"A6061-T6, 120x70x8; D9 2개/96 mm 피치; D6.8 후 M8x1.25 탭 2개",1,1,EA,SKB-QUOTE,A1_LMB_RADIAL_ADAPTER_120x70x8.dxf,0,0,가공 견적 필요,QUOTE_REQUIRED,https://www.skb-steel.com/product/detail.html?product_no=235,"A1 DXF와 RevD_custom_part_hole_table.csv 기준; 다른 축 파일과 혼용 금지"
C02,가공,액추에이터 A2 하부,A2 LMB 방사형 어댑터,"A6061-T6, 120x70x8; D9 2개/96 mm 피치; D6.8 후 M8x1.25 탭 2개",1,1,EA,SKB-QUOTE,A2_LMB_RADIAL_ADAPTER_120x70x8.dxf,0,0,가공 견적 필요,QUOTE_REQUIRED,https://www.skb-steel.com/product/detail.html?product_no=235,"A2 DXF와 홀 좌표표 기준"
C03,가공,액추에이터 A3 하부,A3 LMB 방사형 어댑터,"A6061-T6, 120x70x8; D9 2개/96 mm 피치; D6.8 후 M8x1.25 탭 2개",1,1,EA,SKB-QUOTE,A3_LMB_RADIAL_ADAPTER_120x70x8.dxf,0,0,가공 견적 필요,QUOTE_REQUIRED,https://www.skb-steel.com/product/detail.html?product_no=235,"A3 DXF와 홀 좌표표 기준"
C04,가공,전방 기계 스톱,하부 스톱 포획판 FRONT,"A6061-T6, 90x125x8; D50 1개, D9 2개",1,1,EA,SKB-QUOTE,STOP_CATCH_FRONT_90x125x8_D50.dxf,0,0,가공 견적 필요,QUOTE_REQUIRED,https://www.skb-steel.com/product/detail.html?product_no=235,"전방 스톱에만 사용"
C05,가공,후방 기계 스톱,하부 스톱 포획판 REAR,"A6061-T6, 90x125x8; D50 1개, D9 2개",2,2,EA,SKB-QUOTE,STOP_CATCH_REAR_90x125x8_D50.dxf,0,0,가공 견적 필요,QUOTE_REQUIRED,https://www.skb-steel.com/product/detail.html?product_no=235,"후방 좌/우 스톱 각 1개"
C06,가공,전방 기계 스톱,상부 스톱 앵커 FRONT,"A6061-T6, 80x85x6; D10.5 1개, D6.8 2개",1,1,EA,SKB-QUOTE,STOP_UPPER_ANCHOR_FRONT_80x85x6.dxf,0,0,가공 견적 필요,QUOTE_REQUIRED,https://www.skb-steel.com/product/detail.html?product_no=235,"상부 3030 하부 슬롯에 F02+F07 체결"
C07,가공,후방 기계 스톱,상부 스톱 앵커 REAR,"A6061-T6, 80x85x6; D10.5 1개, D6.8 2개",2,2,EA,SKB-QUOTE,STOP_UPPER_ANCHOR_REAR_80x85x6.dxf,0,0,가공 견적 필요,QUOTE_REQUIRED,https://www.skb-steel.com/product/detail.html?product_no=235,"후방 좌/우 스톱 각 1개"
C08,가공,기계 스톱 3세트,스톱 접촉바,"A6061-T6, 70x20x4; 중앙 D10.5",6,6,EA,SKB-QUOTE,STOP_CONTACT_BAR_70x20x4_D10_5.dxf,0,0,가공 견적 필요,QUOTE_REQUIRED,https://www.skb-steel.com/product/detail.html?product_no=235,"축당 상/하 2개; M10 잼너트 사이에서 위치 조정"
C09,가공,기계 스톱 3세트,원형 관통 스탠드오프,"A6061, OD16, ID8.4 +0.2/0, L28 +/-0.1, 모따기/디버링",6,6,EA,SKB-QUOTE,M8x28-CUSTOM,0,0,선반 가공 견적 필요,QUOTE_REQUIRED,https://www.skb-steel.com/product/detail.html?product_no=235,"축당 2개; F16 M8x45가 관통하여 C04/C05와 SP408을 체결"
F01,체결,하부 프레임 및 LMB,육각렌치볼트,"M8x16, SCM435 10.9, 완전나사, 1PK(36EA)",22,1,PK_36,NAVIMRO,K53536280,7579,7579,VAT포함 화면가,ORDER,https://www.navimro.com/p/K53536280/,"16개는 4035 브래킷+SP408; 6개는 LMB-어댑터 M8 탭"
F02,체결,상부 프레임 및 스톱 앵커,육각렌치볼트,"M6x15, SCM435 10.9, 완전나사, 1PK(57EA)",22,1,PK_57,NAVIMRO,K53536246,6039,6039,VAT포함 화면가,ORDER,https://www.navimro.com/p/K53536246/,"16개는 DCB3025; 6개는 C06/C07 상부 앵커"
F03,체결,하부 로컬 어댑터,육각렌치볼트,"M8x20, SCM435 10.9, 완전나사, 1PK(34EA)",6,1,PK_34,NAVIMRO,K53536553,7359,7359,VAT포함 화면가,ORDER,https://www.navimro.com/p/K53536553/,"C01-C03을 4040 상부 슬롯에 축당 2개 체결"
F04,체결,LMB-어댑터,M8 평와셔,"SUS304, 8.5x17x1, 1PK(100EA)",6,1,PK_100,NAVIMRO,K06130485,5049,5049,VAT포함 화면가,ORDER,https://www.navimro.com/p/K06130485/,"LMB 바닥판과 F05 스프링와셔 사이"
F05,체결,LMB-어댑터,M8 스프링와셔,"SUS304, 8.4x14x2, 낱개",6,6,EA,NAVIMRO,K15785747,440,2640,VAT포함 화면가,ORDER,https://www.navimro.com/p/K15785747/,"LMB 축당 2개"
F06,체결,하부 4040 슬롯,40시리즈 스프링너트,"SP408, M8, 1PK(100EA)",28,1,PK_100,NAVIMRO,K14671419,25289,25289,VAT포함 화면가,ORDER,https://www.navimro.com/p/K14671419/,"4035 16+어댑터 6+스톱 포획판 6"
F07,체결,상부 3030 슬롯,30시리즈 스프링너트,"SP306, M6, 1PK(100EA)",25,1,PK_100,NAVIMRO,K14671215,25289,25289,VAT포함 화면가,ORDER,https://www.navimro.com/p/K14671215/,"DCB3025 16+스톱 앵커 6+PHS6 스터드 3"
F08,체결,상부 액추에이터 피벗,반나사 육각볼트,"M6x50, 나사부 18 mm, 비나사부 약 32 mm, 1PK(10EA)",3,1,PK_10,NAVIMRO,K53672105,3410,3410,현재 화면가,ORDER_STACK_VERIFY,https://www.navimro.com/p/K53672105/,"축당 1개; 액추에이터 아이+PHS6+F09 심/와셔 적층 후 비나사부가 베어링 구간을 덮는지 실측"
F09,체결,상부 액추에이터 피벗,M6 평와셔/심,"SUS304, 6.5x12.5x0.8, 1PK(100EA)",9,1,PK_100,NAVIMRO,K02197839,2189,2189,VAT포함 화면가,ORDER_ADJUSTMENT_KIT,https://www.navimro.com/p/K02197839/,"축당 양측 와셔 2개+적층 조정 1개를 기준으로 실측 조정"
F10,체결,상부 액추에이터 피벗,M6 나일론 인서트 너트,"SUS304, 1PK(100EA)",3,1,PK_100,NAVIMRO,K14536539,8789,8789,VAT포함 화면가,ORDER,https://www.navimro.com/p/K14536539/,"F08 상부 피벗 축당 1개"
F11,체결,PHS6-상부 슬롯,M6 전산볼트,"M6x285, 완전나사",1,1,EA,NAVIMRO,K54170097,869,869,VAT포함 화면가,ORDER_CUT_TO_LENGTH,https://www.navimro.com/p/K54170097/,"25 mm 스터드 3개 절단/디버링; SP306-PHS6 암나사 연결"
F12,체결,PHS6-상부 슬롯,M6 잼너트,"SCM435 니켈, 1PK(100EA)",6,1,PK_100,NAVIMRO,K14532615,4169,4169,VAT포함 화면가,ORDER,https://www.navimro.com/p/K14532615/,"축당 PHS6와 슬롯너트 측 잠금 각 1개"
F13,체결,기계 스톱,M10 전산볼트,"M10x285, 완전나사",3,3,EA,NAVIMRO,K54170031,1309,3927,VAT포함 화면가,ORDER_CUT_TO_LENGTH,https://www.navimro.com/p/K54170031/,"각각 270 mm로 절단하고 15 mm 제거 후 디버링"
F14,체결,기계 스톱,M10 잼너트,"SCM435 니켈, 1PK(50EA)",18,1,PK_50,NAVIMRO,K14532693,8349,8349,VAT포함 화면가,ORDER,https://www.navimro.com/p/K14532693/,"접촉바 12개+상부 앵커 잠금 6개"
F16,체결,스톱 포획판,M8x45 육각볼트,"강재, 완전나사, 낱개",6,6,EA,NAVIMRO,K15696590,880,5280,VAT포함 화면가,ORDER,https://www.navimro.com/p/K15696590/,"8 mm 판+C09 28 mm 스탠드오프 관통 후 SP408 체결"
F17,체결,고정 나사부,중강도 나사고정제,"LOCTITE 243, 10 ml",1,1,EA,NAVIMRO,K64647607,9889,9889,VAT포함 화면가,ORDER,https://www.navimro.com/p/K64647607/,"비조정 체결부와 PHS6 스터드에만 사용; M10 조정 너트에는 사용 금지"
F18,체결,전장함 부품 장착,M4 더블샘스볼트,"M4x25, 니켈도금, 평와셔+스프링와셔 결합, 1PK(100EA)",20,1,PK_100,NAVIMRO,K14364804,18139,18139,VAT포함 화면가,ORDER_LAYOUT_KIT,https://www.navimro.com/p/K14364804/,"PSU/DIN레일/단자대/드라이버 장착용 현장 맞춤 키트; 길면 와셔 적층 또는 절단 금지하고 짧은 예비볼트 사용"
F19,체결,전장함 부품 장착,M4 육각너트,"SUS304, M4x0.7, 1PK(50EA)",20,1,PK_50,NAVIMRO,K06130054,1529,1529,VAT포함 화면가,ORDER_LAYOUT_KIT,https://www.navimro.com/p/K06130054/,"F18과 조합; 풀림 우려 위치는 F17을 소량 사용"
E01,전장,액추에이터 3축,양방향 DC 모터 드라이버,"DMD-150, DC6.5-40 V, 12 A 연속(무추가 냉각 기준)",3,3,EA,NAVIMRO,K63669714,65989,197967,VAT포함 화면가,ORDER_WITH_COMMISSIONING_GATE,https://www.navimro.com/p/K63669714/,"축당 1개; IN1/IN2/PWM; 정·역전 전 0.1 s 브레이크와 PWM 램프 적용"
E02,전장,제어부,마이크로컨트롤러,"Arduino Mega2560 PRO TYPE-C, ATmega2560/CH340G",1,1,EA,NAVIMRO,K92854307,37389,37389,VAT포함 화면가,ORDER,https://www.navimro.com/p/K92854307/,"E05 5V 출력으로 5V/GND 헤더 전원; USB 연결 프로그래밍은 24V 주전원을 끈 상태에서만"
E03,전장,상부 이동 프레임,IMU,"WT901C/UART, 9축, 3.3-5 V",1,1,EA,NAVIMRO,K28261729,142989,142989,VAT포함 화면가,ORDER,https://www.navimro.com/p/K28261729/,"상부 프레임 중앙에 장착하고 조립 후 영점/축방향 보정"
E04,전장,24V 주전원,AC-DC 전원공급기,"NES-350-24, DC24V 14.6A, 358W",1,1,EA,NAVIMRO,K47937895,68189,68189,VAT포함 화면가,ORDER_WITH_COMMISSIONING_GATE,https://www.navimro.com/p/K47937895/,"220VAC->24V; 세 축 정격합 4.5A 대비 용량 확보; 회생/기동 전류는 시운전 측정"
E05,전장,5V 제어전원,DC-DC 강압 모듈,"P0051-1, 입력 8-28 VDC, 출력 5V/2A",1,1,EA,NAVIMRO,K92668521,27489,27489,VAT포함 화면가,ORDER,https://www.navimro.com/p/K92668521/,"E09A/E09C 1A 분기 뒤에 연결; Mega/IMU/엔코더 로직 공급; 기존 USB 벽어댑터는 주문하지 않음"
E06,전장,제어함,ABS 전장함,"SL902, 400x500x155 mm",1,1,EA,NAVIMRO,K07636024,27489,27489,VAT포함 화면가,ORDER_LAYOUT_VERIFY,https://www.navimro.com/p/K07636024/,"24V PSU/드라이버3/단자/컨트롤러 배치; 케이블 글랜드 홀은 실부품 배치 후 가공"
E07,전장,AC 입력,접지 전원코드,"DYP-G15B, 2 m, 1.5 sq x 3C",1,1,EA,NAVIMRO,K08345728,4389,4389,VAT포함 화면가,ORDER,https://www.navimro.com/p/K08345728/,"L/N은 E08로, PE는 E04 섀시와 노출 도전부에 직접 결선"
E08,전장,AC 입력,2극 배선용 차단기,"ABE32b, 2P2E, 10 A",1,1,EA,NAVIMRO,K04115335,23089,23089,VAT포함 화면가,ORDER_SUPERVISED_BENCH,https://www.navimro.com/p/K04115335/,"접근 가능한 주전원 차단용; 비상정지 성능을 주장하지 않음"
E09A,전장,24V 분기,인라인 ATO 퓨즈홀더,"FHAC0001ZXJA, 32VDC/20A, ATO/ATC",4,4,EA,DigiKey,FHAC0001ZXJA,8898,35592,화면가-세금/배송 결제확인,ORDER,https://www.digikey.kr/en/products/detail/littelfuse-commercial-vehicle-products/FHAC0001ZXJA/4556497,"액추에이터 드라이버 분기 3개+E05 로직 분기 1개"
E09B,전장,액추에이터 24V 분기,ATO 속단 퓨즈,"0287005.PXCN, 5A/32VDC, 1kA",3,6,EA,DigiKey,0287005.PXCN,700,4200,화면가-세금/배송 결제확인,ORDER_WITH_COMMISSIONING_GATE,https://www.digikey.kr/ko/products/detail/littelfuse-inc/0287005-PXCN/2519811,"3개 사용+3개 예비; 기동/스톨 전류 측정 전 정격 상향 금지"
E09C,전장,5V 제어전원 24V 입력,ATO 속단 퓨즈,"0287001.PXCN, 1A/32VDC, 1kA",1,3,EA,DigiKey,0287001.PXCN,700,2100,화면가-세금/배송 결제확인,ORDER,https://www.digikey.kr/en/products/detail/littelfuse-inc/0287001-PXCN/3102551,"1개 사용+2개 예비; E05 입력 직전에 설치"
E10,전장,DMD-150 모터 출력,양방향 TVS 다이오드,"SMCJ24CA, VRWM 24V, VBR min 26.7V, VC max 38.9V, 1500W, SMC",3,6,EA,DigiKey,SMCJ24CA,810,4860,화면가-세금/배송 결제확인,ORDER_WITH_COMMISSIONING_GATE,https://www.digikey.kr/en/products/detail/littelfuse-inc/SMCJ24CA/762395,"축당 1개+3개 예비; 각 DMD-150 모터 출력 단자 바로 옆에 짧은 리드로 병렬 설치; 1.5KE24CA 주문 금지"
E11,전장,전장함 분배,스크루 단자대,"JOTB-20-10, 20A, 10P",2,2,EA,NAVIMRO,K02216060,2739,5478,VAT포함 화면가,ORDER,https://www.navimro.com/p/K02216060/,"AC와 SELV 단자대 물리 분리; 커버/이격 확보"
E12,전장,모터 전력 배선,14AWG 실리콘 전선 세트,"적/흑/백, 판매 구성 길이 결제 전 재확인",1,1,SET,NAVIMRO,K92854706,82489,82489,VAT포함 화면가,ORDER_VENDOR_CONTENT_VERIFY,https://www.navimro.com/p/K92854706/,"24V/모터 분기에 적·흑 우선 사용; 세 축 케이블 길이 동등하게 구성"
E13,전장,엔코더·IMU·드라이버 로직,24AWG 제어전선 세트,"UL1007, 6색, 총 60 m",1,1,SET,NAVIMRO,K92843703,34089,34089,VAT포함 화면가,ORDER,https://www.navimro.com/p/K92843703/,"신호별 색상표를 고정하고 전력선과 분리 배선"
E14,전장,프로그래밍·점검,USB 데이터 케이블,"USB-A to USB-C, 2 m",1,1,EA,NAVIMRO,K41731919,2079,2079,VAT포함 화면가,ORDER,https://www.navimro.com/p/K41731919/,"24V 주전원을 끈 뒤 E02 프로그래밍/로그 점검에 사용; 운전 중 상시 연결하지 않음"
E15,전장,배선 마감,열수축튜브 키트,"12종, 750 pcs",1,1,SET,NAVIMRO,K52569152,12089,12089,VAT포함 화면가,ORDER,https://www.navimro.com/p/K52569152/,"TVS 리드 절연·하네스 식별·접속부 절연"
E16,전장,전장함 인입,케이블 글랜드,"PG13.5, 6-12 mm, 1PK(10EA)",7,1,PK_10,NAVIMRO,K22571959,6919,6919,VAT포함 화면가,ORDER,https://www.navimro.com/p/K22571959/,"액추에이터 전력 3+엔코더/제어 3+AC 1 기준"
E17,전장,단자 마감,페룰 키트,"DY6330, 0.5/0.75/1.0/1.5/2.5 sq",1,1,SET,NAVIMRO,K92839991,43989,43989,VAT포함 화면가,ORDER,https://www.navimro.com/p/K92839991/,"나사 단자에 연선 직접 체결 금지; 규격에 맞는 페룰 압착"
E18,전장,케이블 고정,케이블 타이,"J-200 black, 200x4.8 mm, 1PK(1000EA)",1,1,PK_1000,NAVIMRO,K01415707,17039,17039,VAT포함 화면가,ORDER,https://www.navimro.com/p/K01415707/,"이동 케이블의 유일한 지지수단으로 사용하지 말고 여유 루프 확보"
E19,전장,배선 마감,흑색 PVC 절연테이프,"10 m x 19 mm",3,3,EA,NAVIMRO,K40799280,550,1650,VAT포함 화면가,ORDER,https://www.navimro.com/p/K40799280/,"임시 라벨과 하네스 마감; 영구 접속 절연은 E15 사용"
E20,전장,전장함 내부,DIN 레일,"Mean Well TS35/7.5-200, 35x7.5 mm, slotted, L200 mm",1,1,EA,DigiKey,TS35/7.5-200,1438,1438,화면가-세금/배송 결제확인,ORDER,https://www.digikey.kr/en/products/detail/mean-well-usa-inc/TS35-7-5-200/22534704,"기존 NAVIMRO 2 m 레일은 주문하지 않음; E08 또는 DIN 부품 배치에 사용"
E21,전장,보호접지,녹/황 접지선,"TFR-GV 2.5 sq, 0.6/1 kV, m 단위",3,3,M,NAVIMRO,K55027039,1419,4257,VAT포함 화면가,ORDER,https://www.navimro.com/p/K55027039/,"PE 색상 대체 금지; E07 PE-PSU 섀시-필요 노출 도전부 연결"
E22,전장,전력·접지 단자,절연 압착단자 키트,"링/포크 단자 150 pcs",1,1,SET,NAVIMRO,K92807634,7249,7249,VAT포함 화면가,ORDER_SIZE_VERIFY,https://www.navimro.com/p/K92807634/,"1.5-2.5 sq 및 M4/M5 링·포크 포함 여부 결제 전 확인"
E23,전장,제어보드 장착,M3 PCB 서포트·나사 키트,"NT-KIT-E018, 플라스틱 M3",1,1,SET,NAVIMRO,K28009916,14289,14289,VAT포함 화면가,ORDER,https://www.navimro.com/p/K28009916/,"Mega2560과 E05 소형 모듈 장착; 발열부 DMD/PSU에는 사용하지 않음"
E24,전장,Mega2560 신호 배선,2.54 mm 점퍼 케이블,"40P M/F, 20 cm, KEYES",1,1,EA,NAVIMRO,K28006026,1529,1529,VAT포함 화면가,ORDER,https://www.navimro.com/p/K28006026/,"필요 가닥을 분리해 암단을 Mega 헤더에 사용하고 반대쪽은 절단·탈피 후 단자대로 연결"
