order_group,line_id,supplier,supplier_code,item,exact_option,used_qty,order_qty,unit_price_krw_vat_included,extended_price_krw,price_basis,status,product_url,notes
G01,M01,MotionGearOn,LM4075OE-1075,"Optical-encoder linear actuator","DC24V / stroke 100mm / encoder 5V / 6ppr / 10mm/s / 750N",3,3,130000,390000,"126500 base plus previously screened 3500 encoder option; checkout reconfirm",HOLD_CHECKOUT_AND_VENDOR_DATA,https://motiongearon.com/product/%EA%B4%91%ED%95%99%EC%97%94%EC%BD%94%EB%8D%94-%EB%A6%AC%EB%8B%88%EC%96%B4%EC%95%A1%EC%B6%94%EC%97%90%EC%9D%B4%ED%84%B0-lm4075oe-1075-%EA%B3%A0%EC%A0%95%EB%B0%80-%EC%8B%A4%EB%A6%B0%EB%8D%94-1224v-10mms-750n/1717/,"Do not pay until the exact option price, identical wiring revision, eye width, startup/stall current and encoder pinout are confirmed"
G01,M02,Motorbank,1000007655/LMB-10,"Linear-actuator fixing bracket","LMB-10 for LM4075; steel; 6mm pivot family",3,3,4400,13200,"Current product page",READY_TO_CART_AFTER_PIN_CHECK,https://www.motorbank.kr/goods/goods_view.php?goodsNo=1000007655,"Ask that three 6mm pins and retainers are included; NAVIMRO two-piece pack is not ordered"
G02,M03,SpeedMall,LCGJ5/THK-PHS6,"Female rod-end bearing","THK PHS6 RH female M6x1; bore 6; OD18; width9",3,4,13112,52448,"Current VAT-included page price; one spare",HOLD_FINAL_ROD_END_SELECTION,https://www.speedmall.co.kr/product/LCGJ5,"PHS6 is the current CAD basis; close the pending PHS6 versus JFT-6R decision before payment"
G03,CUSTOM_PLATES,SKB-QUOTE,DXF_SET_REVD,"Fifteen machined A6061-T6 plates","3x 120x70x8 adapters; 3x 90x125x8 catches; 3x 80x85x6 anchors; 6x 70x20x4 bars",15,1,0,0,"Drawing quotation required",READY_TO_QUOTE,https://www.skb-steel.com/product/detail.html?product_no=235,"Send all eight DXFs and RevD_custom_part_hole_table.csv; tap six M8x1.25 holes after D6.8 drilling"
G03,F15,SKB-QUOTE,M8x28-CUSTOM,"Round through-bore standoff","A6061; OD16; ID8.4 +0.2/0; L28 +/-0.1; deburr",6,6,0,0,"Turning quotation required",READY_TO_QUOTE,https://www.skb-steel.com/product/detail.html?product_no=235,"Used with M8x45 bolt and SP408; no threaded replacement"
G04,NAVI_SELECTED,NAVIMRO,SEE-CANDIDATE-CSV,"Selected profile, fastener and 24V control rows","45 coded candidate rows; exclude M01/M01A/M02/M03/C01/C01A/C02/C03/F15/E09/E10 and skip optional E20",1,1,1132329,1132329,"2026-09-01 NAVIMRO VAT-included screen subtotal",HOLD_12_CONDITIONAL_ROWS,https://www.navimro.com/,"This is not a flat order list. Twelve of the 45 rows still have HOLD, FIT_KIT_HOLD or READY_AFTER conditions; use the audit document before ordering"
G05,E10,DigiKey,1.5KE24CA,"Bidirectional motor-terminal TVS reference only","20.5V stand-off; 22.8V min breakdown; 33.2V max clamp; 1.5kW; DO-201",3,0,1814,0,"DMD-150 manual example screened against a 24V bus",DO_NOT_ORDER_UNVALIDATED_24V,https://www.digikey.kr/ko/products/detail/littelfuse-inc/1-5KE24CA/688022,"VRWM 20.5V is below the 24V motor PWM amplitude and VBR begins at 22.8V; obtain a vendor-approved 24V protection circuit and verify by measurement"
G05,E09A,DigiKey,FHAC0001ZXJA,"Inline ATO fuse holder","32VDC; 20A holder; ATO/ATC; red leads",3,3,8898,26694,"Current related-item screen price; checkout reconfirm",HOLD_ACTUATOR_CURRENT_CHECK,https://www.digikey.kr/en/products/detail/littelfuse-commercial-vehicle-products/FHAC0001ZXJA/4556497,"One in each 24V actuator-driver branch; order with the fuse only after branch-current review"
G05,E09B,DigiKey,0287005.PXCN,"ATO fast-acting fuse","5A / 32VDC / 1kA interrupt rating",3,6,700,4200,"Current single-unit price; three spares",HOLD_ACTUATOR_CURRENT_CHECK,https://www.digikey.kr/ko/products/detail/littelfuse-inc/0287005-PXCN/2519811,"Initial 5A candidate; confirm startup and stall current before payment and never increase rating merely because it opens"
