source_id,organization,document_title,document_type,revision_or_model,publication_or_revision_date,url,access_date,page_or_section,extracted_specification,unit,applicability,limitations,confidence
SRC-STD-001,ISO,ISO 12100:2010 Safety of machinery - Risk assessment and risk reduction,Official standard page,Edition 1,2010-11; confirmed 2022,https://www.iso.org/standard/51528.html,2026-08-24,General information and abstract,Published/current; risk assessment and risk reduction methodology,,Use as safety design framework,Full standard is paid; use official abstract/status only,High
SRC-STD-002,ISO,ISO 13850:2015 Safety of machinery - Emergency stop function,Official standard page,Edition 3,2015-11; confirmed 2020,https://www.iso.org/cms/%20render/live/en/sites/isoorg/contents/data/standard/05/99/59970.html,2026-08-24,Abstract and general information,Published/current; emergency stop function principles,,Use for E-stop requirement basis,Full standard is paid; use official abstract/status only,High
SRC-STD-003,ISO,ISO 2768-1:1989 General tolerances,Official standard page,Edition 1,1989-11; confirmed 2022,https://www.iso.org/standard/7748.html?browse=tc,2026-08-24,Abstract and general information,Published/current; general tolerances for machined/sheet-metal parts,,Use as fabrication drawing tolerance reference after approval,Full standard is paid; detailed table not reproduced,High
SRC-STD-004,ISO,ISO 898-1:2013 Fastener mechanical properties,Official standard page,Edition 5,2013-01,https://www.iso.org/standard/60610.html,2026-08-24,Abstract and general information,Carbon/alloy steel bolts screws studs property classes M1.6-M39,,Use for bolt property class selection,Full standard is paid; detailed proof stress table not reproduced,High
SRC-STD-005,KATS/e-Nara,KS B ISO 12100 national standard detail,Official Korean standards page,KS B ISO12100,Final confirmation 2023-12-26,https://standard.go.kr/KSCI/standardIntro/getStandardSearchView.do?ksNo=KSBISO12100&menuId=919&reformNo=01&tmprKsNo=KS_B_NEW_2015_1976&topMenuId=502&upperMenuId=503,2026-08-24,Basic information and scope,기계안전 - 설계 일반원칙 - 위험성 평가와 위험성 감소,,Use for Korean safety terminology and KS alignment,Do not claim certification,High
SRC-STD-006,KOSHA,Smart Guide machinery/electrical documentation guidance,Official KOSHA/OSHCI page,Smart Guide,Accessed 2026-08-24,https://miis.kosha.or.kr/oshci/eng/busi/SmarkGuide.do,2026-08-24,Electrical/control drawing guidance,E-stop circuit and interlock list should be documented,,Use for PoC documentation checklist,Not a design certification,Medium
SRC-ACT-001,Firgelli,Super Duty Actuators,Manufacturer product page,F-SD-H-450-12V-8in Hall,Accessed 2026-08-24,https://www.firgelliauto.com/products/super-duty-actuators?variant=39956755054663,2026-08-24,Specifications table,450 lbf force; 8 in stroke; 319/523 mm retracted/extended; 25% duty; IP66; Hall feedback; built-in limit switches,N;mm;%,Candidate actuator for low-cost PoC,Static holding and shock load must be verified; international procurement,High
SRC-ACT-007,Firgelli,MB21 Bracket for Super Duty Actuators,Manufacturer product page and official STEP,MB-21,Accessed 2026-08-27,https://www.firgelliauto.com/products/mb-21-bracket-for-super-duty-actuators,2026-08-27,Product description and downloadable STEP,"Fixed-position support attached directly to Super Duty actuator body; rubber gaskets; official STEP envelope 50 x 82.854 x 100",mm,LS-01 fixed body datum candidate,Page does not establish external mechanical-stop reaction or impact capacity,High
SRC-ACT-008,Firgelli,MB17 Mounting Bracket for Super Duty Actuators,Manufacturer product page and official STEP,MB-17,Accessed 2026-08-27,https://www.firgelliauto.com/products/mb-17-mounting-bracket-for-super-duty-actuators,2026-08-27,Product description and downloadable STEP,"Clevis-end bracket; 8 mm pin; 180 deg pivot; up to 1000 lb stated bracket capacity",mm;lb,Reference for actuator clevis pin and end mounting,Bracket capacity is not a project-system load rating; does not solve spherical articulation,High
SRC-ACT-009,Firgelli,MB20 Mounting Bracket for Super Duty Actuators,Manufacturer product page and official STEP,MB-20,Accessed 2026-08-27,https://www.firgelliauto.com/products/mb-20-mounting-bracket-for-super-duty-actuators,2026-08-27,Product description and downloadable STEP,Body bracket permitting actuator swivel around a body mounting point with rubber gasket,,Alternative body mounting reference,Not selected for LS-01 because fixed-position MB21 gives a clearer datum; external stop load remains unverified,High
SRC-ACT-010,Firgelli,Super Duty actuator family dimensional drawing,Manufacturer dimensional PDF,F-SD-H-220-12v-2 family geometry reference,Accessed 2026-08-27,https://cdn.shopify.com/s/files/1/0615/2193/files/F-SD-H-220-12v-2.pdf?v=1676323893,2026-08-27,Mounting-end details,"Front and rear mounting holes 8.2 +/-0.10; mounting eye outer radius 10 / diameter 20; built-in unadjustable limits",mm,JNT-CG-01 factory-eye geometry reference,"Drawing is 220 lbf 2-inch model, not selected 450 lbf 8-inch model; 9/11 mm local dimensions are not frozen as selected-model eye thickness",Medium
SRC-ACT-002,Ewellix,CAHB-10 electromechanical compact linear actuator,Manufacturer product page,CAHB-10,Publications 2024-2025 listed,https://www.ewellix.com/index.php/en/products/linear-actuators/cahb-series-linear-actuators/cahb-10,2026-08-24,Technical data,Push/pull up to 1500 N; stroke 50-300 mm; 12/24 V; IP66S; 25% duty; -40 to 85 C,N;mm;V;%,Alternative actuator; good industrial documentation,May be marginal for worst-case 20 kg + 30 kg cart + eccentric load,High
SRC-ACT-003,TiMOTION,MA2 Series heavy duty linear actuator,Manufacturer product page,MA2,Accessed 2026-08-24,https://www.timotion.com/en/products/linear-actuators/ma2-series,2026-08-24,General features,Max load 8000 N push/4000 N pull; stroke 25-1000 mm; IP69K static; Hall/pot options; 12/24/36/48 V,N;mm;V,Robust upper-tier actuator candidate,Larger/costlier than required; quote needed,High
SRC-ACT-004,LINAK,LA36 durable electric linear actuator,Manufacturer product page,LA36,Accessed 2026-08-24,https://www.linak.com/products/linear-actuators/la36,2026-08-24,Overview and downloads,Max load 6800 N; stroke 100-1200 mm; 12/24/36/48 V; IP66 dynamic/IP69K static,N;mm;V,Industrial high-reliability alternative,Likely high cost and larger package,High
SRC-ACT-005,Thomson,Electrak HD linear actuator,Manufacturer product page,Electrak HD,Accessed 2026-08-24,https://www.thomsonlinear.com/en/products/linear-actuators/electrak-hd,2026-08-24,Specifications table,12/24 V; 25% duty for many variants; IP67/IP69K static and IP66 dynamic; load lock ball nut,V;%,High-end industrial benchmark,Cost and availability not yet checked,High
SRC-ACT-006,Progressive Automations,PA-17 Heavy Duty Linear Actuator,Manufacturer/product page,PA-17,Accessed 2026-08-24,https://www.progressiveautomations.com/products/heavy-duty-linear-actuator?dt_id=1314036%3Bap%3A585120,2026-08-24,PA-17 specifications,850/2000 lbf dynamic options; static 1700/4000 lbf; IP65; 25% duty; adjustable limit switches,lbf;%,Oversized fallback for high margin or 100 kg study,Heavy/slow; international procurement,Medium
SRC-LAT-001,DESTACO,323-R Pull Action Latch Clamp,Manufacturer product page,323-R,Accessed 2026-08-24,https://www.destaco.com/toggle-lock/product/323-R,2026-08-24,Technical details,Maximum holding capacity 360 lbf; U-hook; flange mount,lbf,Current latch candidate for uplift/preload only,Holding capacity is not shear design load,High
SRC-LAT-002,Southco,Draw Latches / TL over-center series,Manufacturer product page,TL-17 series / draw latches,Accessed 2026-08-24,https://southco.com/en_us_int/latches/draw-latches,2026-08-24,Draw latch overview,Over-center adjustable/heavy duty latch families; mechanical advantage for gasket compression,,Alternative latch families,Specific part load must be checked per SKU,Medium
SRC-LAT-003,Elesa+Ganter,GN 850 latch type toggle clamps,Manufacturer product page,GN 850-ST,Accessed 2026-08-24,https://www.elesa-ganter.com/en/www/Toggle-power-and-hook-clamps--Hook-type-toggle-clamps--GN850,2026-08-24,Information and table heading,Holding capacity FH listed by size; latch clamps for rapid closing and fastening,N,Alternative latch candidate,Exact size table must be selected before final design,High
SRC-LAT-004,Elesa+Ganter,GN 850.2 hook type toggle clamps with safety hook,Manufacturer product page,GN 850.2,Accessed 2026-08-24,https://www.elesa-ganter.com/en/www/Toggle-power-and-hook-clamps--Hook-Type-Toggle-Clamps--GN8502,2026-08-24,Information,Safety hook prevents inadvertent unlocking due to vibration,,Preferred safety-feature latch family for review,Exact size/cost TBD,High
SRC-FRM-001,MISUMI,KHFS8-4040 aluminum extrusion CAD/data,Manufacturer CAD/catalog page,KHFS8-4040,Accessed 2026-08-24,https://misumi.partcommunity.com/3d-cad-models/khfs8-4040-1000-hfs8-series-aluminum-extrusions-40-80mm-square-1-slot-misumi?info=misumi%2Fmetric%2F38_al_extrusions_blackets%2F8%2Fkhfs8_4040_1000.prj,2026-08-24,Data table,40x40; mass 1.73 kg/m; area 640 mm2; Ix/Iy 10.4e4 mm4,kg/m;mm4,Selected baseline frame profile,Connection/bracket strength still needs design check,High
SRC-FRM-002,MISUMI Japan,HFS8/GFS8-4040 product table,Manufacturer catalog page,HFS8-4040/GFS8-4040,Accessed 2026-08-24,https://jp.misumi-ec.com/vona2/detail/110302689860/?HissuCode=KHFS8-4040-4000,2026-08-24,Specification table,HFS8-4040 1.73 kg/m Ix=10.4e4; GFS8-4040 2.17 kg/m Ix=13.76e4,kg/m;mm4,GFS8 as stiffer alternative,Japanese catalog; local price to confirm,High
SRC-FRM-003,Bosch Rexroth,Aluminum profile construction kit,Manufacturer overview/catalog page,Inch 10/15 and profile system,Accessed 2026-08-24,https://www.boschrexroth.com/en/us/products/product-groups/assembly-technology/topics/aluminum-profiles-solutions-components/inch-series/,2026-08-24,Overview,Aluminum structural framing catalog with profiles and accessories,,Benchmark supplier,Need metric specific profile data before selection,Medium
SRC-FRM-004,MISUMI Korea,Economy aluminum frame page,Official Korean e-catalog page,Economy 4040/4080 series,Accessed 2026-08-24,https://kr.misumi-ec.com/pr/vona/economy/cate02/75/,2026-08-24,Price overview,Economy 4040 series pricing from 1205 KRW listed,KRW,Domestic procurement screening,Economy series not final for load-critical frame without spec check,Medium
SRC-GDE-001,THK,Global Standard Model HSR LM Guide,Manufacturer product page,HSR series,Accessed 2026-08-24,https://www.thk.com/us/en/products/lm_guide/full_ball/hsr/,2026-08-24,Types/load rating overview,HSR 15+ blocks have dynamic load ratings from 10.9 kN upward,N,High-rigidity guide candidate,May be overkill/costly for PoC,High
SRC-GDE-002,HIWIN,MGN15H miniature guide block,Manufacturer product page,MGN15HZFCM,Accessed 2026-08-24,https://www.hiwin.de/en/Products/Linear-guideways/Blocks/Miniature-guides/MGN-HIRES-series/MGN15HZFCM/p/MGN15HZFCM,2026-08-24,Technical details,Dynamic 6370 N; static 9110 N; block mass 0.09 kg,N;kg,Compact guide candidate,Miniature guide may be sensitive to contamination/misalignment,High
SRC-GDE-003,MISUMI,Tapered pin locating block sets,Manufacturer CAD/catalog page,TPCAT series,Accessed 2026-08-24,https://misumi.partcommunity.com/3d-cad-models/tpcat-tapered-pin-locating-block-sets-misumi?countryIso=US&info=misumi%2Fmetric%2F15_locating_components%2Ftpcat_asmtab.prj&languageIso=en,2026-08-24,Data table,TPCAT tapered pins; D2/tool steel equivalent; 58-62 HRC; D=12/20 options,HRC;mm,Cart locating pin candidate,Shear/contact stress calculation still required,High
SRC-GDE-004,KIPP USA,Locating pins/rest pads category,Manufacturer catalog page,K0350/K0351/K0293 families,Accessed 2026-08-24,https://www.kippusa.com/en-us/products/METRIC/Support-elements-locating-elements-stop-elements/Locating-pins-rest-pads/c/21021,2026-08-24,Category listing,Ball-end/positioning/locating pins and rest pads; prices listed,,Alternative locating/rest pad supplier,Specific model load rating TBD,Medium
SRC-JNT-001,MISUMI,Stainless oil-free rod end bearing,Manufacturer CAD/catalog page,PHSOSM8,Accessed 2026-08-24,https://misumi.partcommunity.com/3d-cad-models/phsosm-phsoslm-rod-end-bearing-stainless-oil-free-standard-type-threaded-type-misumi?info=misumi%2Fmetric%2F34_cylinders%2Fphsosm_asmtab.prj,2026-08-24,Data table,PHSOSM8 radial static load 2.69 kN; allowable angle 12 deg; mass 30 g,kN;deg,Joint candidate for low load,Static capacity margin modest for shock cases,High
SRC-JNT-002,THK,POS8 rod end,Manufacturer store/product page,POS8,Accessed 2026-08-24,https://store-na.thk.com/Product/pos8,2026-08-24,Product specs,ID 8 mm; length 53 mm; width 12 mm; CAD/catalog available,mm,Joint candidate,Load rating must be checked in catalog before final use,Medium
SRC-JNT-003,MISUMI/Minebea,HRT8E rod end bearing,Official distributor/catalog page,HRT8E,Accessed 2026-08-24,https://uk.misumi-ec.com/vona2/detail/221004963377/?HissuCode=HRT8E,2026-08-24,Specs table,Radial static load rating 26770 N; allowable tilt 14 deg,N;deg,Robust rod-end candidate,UK catalog; local procurement TBD,Medium
SRC-JNT-004,MISUMI,Rotate and Transfer Mechanism inCAD rod end link ball,Manufacturer inCAD application/catalog page,RBLD8 style link ball,Accessed 2026-08-24,https://us.misumi-ec.com/us/incadlibrary/detail/000075.html,2026-08-24,Rod end bearing performance table,M8 static load capacity 12500 N; yield strength 6570 N; allowable incline angle table lists 40 deg for thread diameters 4-14 and 30 deg for 16,N;deg,High-angle actuator joint family candidate,Application library page; exact purchasable SKU and bracket package must be confirmed,Medium
SRC-JNT-005,Ruland,Universal joints,Manufacturer product family page,Single and double universal joints,Accessed 2026-08-24,https://www.ruland.com/universal-joints.html,2026-08-24,About and product family overview,Single U-joints handle up to 45 deg angular misalignment; double U-joints up to 90 deg; metric bores 5-35 mm with keyway options,deg;mm,Central yaw-transmitting Cardan joint family reference,Torque capacity backlash axial load and exact mounting remain SKU-specific,Medium
SRC-JNT-006,MinebeaMitsumi,HRT-E standard rod end bearings,Manufacturer product catalog page,HRT8E,Rechecked 2026-08-27,https://product.minebeamitsumi.com/en/product/category/bearing/rodend/standard/parts/HRTE.html,2026-08-27,Dimension/load table,"HRT8E bore 8 mm; body diameter 23 mm; eye width 11 mm; center height 8.25 mm; center-to-end 46 mm; thread M8x1.25; thread length 29 mm; alpha 14 deg; radial static 26.77 kN; axial static 5.29 kN; mass 40 g",mm;kN;deg;g,Official dimensional and load basis for detailed JNT-BR-01 CAD,Local procurement threaded actuator adapter and physical articulation still TBD,High
SRC-JNT-007,Ruland,MUS15-8-8-F single universal joint,Manufacturer product page,MUS15-8-8-F,Accessed 2026-08-24,https://www.ruland.com/mus15-8-8-f.html,2026-08-24,Product specifications,8 mm x 8 mm single cardan friction bearing U-joint; 15.8 mm OD; 40.0 mm length; rated torque 15.3 Nm; max operating angle 45 deg,Nm;deg;mm,Small central Cardan SKU screen,Manufacturer notes performance ratings are guidance only,Medium
SRC-JNT-008,Ruland,MUSSK22-12-12-F keyed single universal joint,Manufacturer product page,MUSSK22-12-12-F,Accessed 2026-08-24,https://www.ruland.com/mussk22-12-12-f.html,2026-08-24,Product specifications,12 mm x 12 mm keyed single cardan friction bearing U-joint; 22.1 mm OD; 50.0 mm length; rated torque 39 Nm; peak torque 197 Nm; max operating angle 45 deg,Nm;deg;mm,Keyed central Cardan SKU torque screen,Manufacturer notes performance ratings are guidance only; exact suitability remains user responsibility,Medium
SRC-JNT-009,Ruland,US32-22MM-20MM-F single universal joint,Manufacturer product page,US32-22MM-20MM-F,Accessed 2026-08-25,https://www.ruland.com/us32-22mm-20mm-f.html,2026-08-25,Product specifications,22 mm x 20 mm single cardan friction bearing U-joint; 50.7 mm OD; 139.7 mm length; rated torque 485.8 Nm; peak torque 2429.2 Nm; max operating angle 45 deg,Nm;deg;mm,Oversized central Cardan direct-yaw-torque reserve candidate,Large package and performance ratings are guidance only; exact suitability remains user responsibility,Medium
SRC-JNT-010,MISUMI,No.000127 Workpiece Rotate and Transfer Mechanism ball spline data,Manufacturer inCAD application/catalog page,BSHS ball spline family,Accessed 2026-08-25,https://my.misumi-ec.com/asia/incadlibrary/detail/000127.html,2026-08-25,Ball spline performance info,Ball spline static torque ratings listed by size: No.6 7 Nm; No.8 8.7 Nm; No.10 21 Nm; No.13 37 Nm; No.16 93 Nm; dynamic torque No.16 51 Nm,Nm,Commercial ball spline torque screen for central yaw path,Application library page; larger catalog family or exact SKU must be checked before selection,Medium
SRC-SEN-001,Adafruit,9-DOF Orientation IMU Fusion Breakout BNO085,Manufacturer product/learning page,BNO085 breakout,Guide last edited 2026-08-19,https://learn.adafruit.com/adafruit-9-dof-orientation-imu-fusion-breakout-bno085?view=all,2026-08-24,Overview/product guide,BNO085 sensor fusion breakout; product price 29.50 USD listed,USD,Current PoC IMU candidate,Board-level module; industrial vibration validation needed,High
SRC-SEN-002,Bosch Sensortec,BNO055 smart sensor,Manufacturer product page,BNO055,Accessed 2026-08-24,https://www.bosch-sensortec.com/products/smart-sensors/bno055/,2026-08-24,Product description,9-axis absolute orientation sensor with integrated MCU/sensor fusion,,Alternative IMU; not recommended for new designs noted,Not recommended for new designs/out of stock,High
SRC-SEN-003,TDK InvenSense,ICM-20948 9-axis MotionTracking device,Manufacturer product page,ICM-20948,Datasheet v1.6 listed,https://www.invensense.tdk.com/en-us/products/9-axis/icm-20948,2026-08-24,Product details,9-axis IMU with DMP; EOL status,EOL,Alternative only; not preferred for new PoC,Product EOL,High
SRC-SEN-004,WitMotion,WT901C 9-axis digital inclinometer,Manufacturer product page,WT901C,Accessed 2026-08-24,https://wit-motion.com/StandardPrecisionTilt/83.html,2026-08-24,Specifications,Pitch/roll inclination accuracy 0.2 deg; output frequency up to 200 Hz; -40 to 85 C,deg;Hz,Industrial-style tilt sensor candidate,Must test under vibration and magnetic interference,Medium
SRC-DRV-001,Cytron,MD13S 13A 6V-30V DC Motor Driver,Manufacturer store/product page,MD13S,Accessed 2026-08-24,https://my.cytron.io/p-13a-6v-30v-dc-motor-driver,2026-08-24,Features/specs,13 A continuous; 30 A peak 10 s; 6-30 V; PWM; overcurrent/undervoltage; price RM61.20,A;V;RM,Low-cost driver candidate for 12/24 V actuators,Thermal margin and enclosure cooling must be checked,High
SRC-DRV-002,Cytron,MD20A 20A 6V-30V DC Motor Driver,Manufacturer store/product page,MD20A,Accessed 2026-08-24,https://my.cytron.io/p-20amp-6v-30v-dc-motor-driver,2026-08-24,Features/specs,20 A continuous; 60 A peak; 6-30 V; thermal and overcurrent protection,A;V,Preferred driver if actuator current exceeds MD13S margin,No reverse-voltage protection,High
SRC-DRV-003,Pololu,G2 High-Power Motor Driver 24v13,Manufacturer product page,24v13,Accessed 2026-08-24,https://www.pololu.com/product/2992?coupon=BF24C254,2026-08-24,Features/specs,6.5-40 V; 13 A continuous; current sense; current limiting; reverse-voltage protection; price 44.95 USD,A;V;USD,Alternative compact driver,No over-temperature shutoff,High
SRC-DRV-004,Cytron,Motor driver education comparison table,Manufacturer technical/education page,MDD20A/MD13S/MD20A,Accessed 2026-08-24,https://sg.cytron.io/education-motor-driver,2026-08-24,Comparison table,MD13S and MD20A are 1-channel drivers; MDD20A is a 2-channel 20 A 6-30 V driver,A;V;channels,Use to define independent drive-channel count,Product SKU page still required before purchase,High
SRC-CTRL-001,Firgelli,FCB-2 actuator controller,Manufacturer product page,FCB-2,Accessed 2026-08-24,https://www.firgelliauto.com/products/remote-control-actuator-controller-with-lcd-screen,2026-08-24,Product description and compatibility,Controls up to 4 actuators and provides synchronization features with Hall/optical feedback; not compatible with industrial actuators due to high current draw,channels,Possible controller reference only,Need confirm suitability for independent pitch/roll position commands before use,Medium
SRC-PWR-001,Mean Well Power Store,LRS-350-24 24V enclosed supply,Official/authorized product page,LRS-350-24,Accessed 2026-08-24,https://meanwellpowerstore.com/product/lrs-350-24/,2026-08-24,Technical specifications,24 V 14.6 A 350.4 W; 215x115x30 mm; -25 to 70 C; price 46.50 USD,V;A;W;USD,Low-cost bench/enclosed supply candidate,Fan/derating/enclosure airflow required,Medium
SRC-PWR-002,OMRON,S8VK-G48024 24V DIN rail power supply,Manufacturer product page,S8VK-G48024,Accessed 2026-08-24,https://industrial.omron.eu/en/products/S8VK-G48024,2026-08-24,Specifications,24 V 20 A 480 W; DIN rail; -40 to 70 C; 93% efficiency,V;A;W,Industrial DIN-rail power candidate,More expensive than open-frame supplies,High
SRC-PWR-003,TDK-Lambda,DRF240-24-1 DIN rail power supply,Manufacturer product page,DRF240-24-1,Accessed 2026-08-24,https://product.tdk.com/en/search/power/switching-power/ac-dc-converter/info?part_no=DRF240-24-1,2026-08-24,Electrical characteristics,24 V 10 A 240 W; peak 15 A/360 W; -25 to 70 C,V;A;W,Lower-power DIN-rail candidate,May be insufficient for 3 actuators simultaneously,High
SRC-SAF-001,OMRON,A22E emergency stop switch,Manufacturer product page,A22E-M-03,Accessed 2026-08-24,https://automation.omron.com/en/us/products/family/A22E-Estop/a22e-m-03,2026-08-24,Specifications,22 mm; 40 mm head; push-lock/turn-reset; 3NC; IP65,,E-stop candidate,Final safety circuit design still required,High
SRC-SAF-002,OMRON,D4N safety limit switch,Manufacturer product page/spec page,D4N / D4N-4D32 envelope reference,Product page as of 2025-10-23 / dimensions 2025-05-19,https://www.ia.omron.com/product/item/10697/,2026-08-27,Specifications and dimensions,"IP67; direct opening; 15M mechanical operations; roller plunger 9.5 dia x 5; PT 2 max; OT 4 min; OP 28.6 +/-0.8",mm,Limit/interlock switch candidate,Exact contact form connector and purchased SKU remain open,High
SRC-STP-001,Ruland Manufacturing,MSP-12-FZ two-piece shaft collar,Manufacturer product page,MSP-12-FZ,Accessed 2026-08-27,https://www.ruland.com/msp-12-fz.html,2026-08-27,Product specifications,"12 bore; 28 OD; 11 width; M4 x 12 screws; 4.6 Nm seating torque",mm;Nm,LS-01 adjustable mechanical stop-collar geometry,Published page does not provide project-specific impact or push-off acceptance; bench verification required,High
SRC-SAF-003,Schneider Electric,Harmony XB4/ZB4 metal push buttons,Manufacturer product range page,Harmony XB4/ZB4,Accessed 2026-08-24,https://www.se.com/us/en/product-range/632-harmony-xb4-zb4-metal-push-buttons/,2026-08-24,Features,Up to IP66/67/69/69K; -40 to 70 C; emergency stop buttons in range,,Alternative E-stop/control candidate,Specific SKU to select later,Medium
SRC-PROC-001,NAVIMRO,Firgelli F-SD-H-450-12V-8in and MB21 site-search check,Distributor site search,F-SD-H-450-12V-8in / Firgelli MB21,Accessed 2026-08-27,https://www.navimro.com/s/?q=F-SD-H-450-12V-8in,2026-08-27,Internal search results,No exact Firgelli actuator or MB21 product listing found; returned items were unrelated token matches,,Do not purchase a substitute actuator from these search results,Special-order availability still requires NAVIMRO customer-service confirmation,Medium
SRC-PROC-002,NAVIMRO / BOTECO,Two-piece shaft collar Y708,Distributor product page,Y708028.VBD12 / K94509288,Accessed 2026-08-27,https://www.navimro.com/g/3542788/,2026-08-27,12 mm option row,"12 bore; 28 OD; 11 width; black-oxide steel; M4x12 clamp screws; VAT-included 28589 KRW; expected dispatch 2026-09-04; non-returnable",mm;KRW,Geometry-matched LS-01M stop-collar mock-up candidate,No published project-specific axial holding or impact capacity; push-off test required,Medium
SRC-PROC-003,NAVIMRO / IMAO,SW-02 shoulder bolt,Distributor product page,SW12-02 / K25214077,Accessed 2026-08-27,https://www.navimro.com/g/417326/,2026-08-27,M8 option row,"M8x1.25 thread; model SW12-02; VAT-included 10769 KRW; expected dispatch 2026-09-04; non-returnable",mm;KRW,Possible JNT-CG-01 trunnion hardware after eye-stack measurement,Shoulder diameter and length must be checked against final measured cradle before order,Medium
SRC-ACT-011,DIHOOL,DHLA2000 electric linear actuator,Manufacturer product page,DHLA2000 family specifications via A2 page,Accessed 2026-08-27,https://www.dihool.com/lang_en/Linear-Actuator-DHLA2000-Actuator_detail/6672_336,2026-08-27,Technical parameters,"12-19 V; 5 mm/s option rated 2000 N push pull and self-locking; built-in limit switch; Hall and limit feedback optional; 10 percent duty; maximum 2 min continuous",V;mm/s;N;%,General family performance reference for NAVIMRO redesign,Exact NAVIMRO end configuration and Hall option remain unconfirmed,High
SRC-PROC-004,NAVIMRO / DIHOOL,DHLA2000 linear actuator,Distributor product page,LA2000-125150 / K92931811,Accessed 2026-08-27,https://www.navimro.com/g/3267401/,2026-08-27,Product listing,"12 V; 2000 N; 150 mm stroke; 5 mm/s; IP43; VAT-included 115489 KRW; expected dispatch 2026-09-07; made-to-order; non-returnable",V;N;mm;mm/s;KRW,Selected NAVIMRO actuator listing; 12 V 2000 N 150 mm and 5 mm/s delivery specification user-confirmed 2026-08-28,"Listing detail image says DHLA6000-A2; confirm exact A1/A2 subtype end interfaces Hall wiring current and STEP before order",High
SRC-PROC-005,NAVIMRO / DIHOOL,DHLA2000 U bracket,Distributor product page,IPS-B1-6MM-U / K92931726,Accessed 2026-08-27,https://www.navimro.com/g/3266724/,2026-08-27,Product listing,"DHLA2000 U bracket; 6 mm; VAT-included 10439 KRW; expected dispatch 2026-09-07; made-to-order; non-returnable",mm;KRW,Purchased bracket candidate for DHLA2000 joint mock-up,Does not provide two-axis articulation by itself; drawing and pin stack required,Medium
SRC-PROC-006,NAVIMRO / DIHOOL,DHLA2000 H bracket,Distributor product page,IPS-B1-6MM-H / K92931725,Accessed 2026-08-27,https://www.navimro.com/g/3266613/,2026-08-27,Product listing,"DHLA2000 H bracket; 6 mm; VAT-included 10439 KRW; expected dispatch 2026-09-07; made-to-order; non-returnable",mm;KRW,Alternative purchased bracket candidate for DHLA2000 joint mock-up,Does not provide two-axis articulation by itself; drawing and pin stack required,Medium
SRC-PROC-007,NAVIMRO / Cytron,MD10C DC motor driver,Distributor product page,MD10C / K27740830,Accessed 2026-08-27,https://www.navimro.com/g/437632/,2026-08-27,Product listing,"13 A brushed DC motor control; VAT-included 25289 KRW",A;KRW,One-channel PoC driver candidate for each DHLA2000,Dispatch date unavailable at check time; verify stock and thermal margin,Medium
SRC-PROC-008,NAVIMRO / Arduino,Arduino Mega 2560,Distributor product page,A000067 / K62252128,Accessed 2026-08-27,https://www.navimro.com/g/2261376/,2026-08-27,Product listing,"Genuine Arduino Mega 2560; VAT-included 80289 KRW",KRW,PoC supervisory controller candidate,Dispatch date unavailable at check time; not safety-rated,Medium
SRC-PROC-009,NAVIMRO / Adafruit,BNO055 absolute orientation IMU,Distributor product page,BNO055 / K27732921,Accessed 2026-08-27,https://www.navimro.com/g/437068/,2026-08-27,Product listing,"9-axis absolute orientation and quaternion output; VAT-included 115489 KRW; same-day dispatch; non-returnable",KRW,Available NAVIMRO PoC tilt sensor,Manufacturer marks BNO055 not recommended for new designs; use only for one-off PoC,Medium
SRC-PROC-010,NAVIMRO / Daeyoung,DF 4040-8 aluminum profile,Distributor product page,DF 4040-8 cut options,Accessed 2026-08-27,https://www.navimro.com/g/1044407/,2026-08-27,Product options,"40 x 40 A6N01S-T5 profile; required cut options 240 to 840 mm listed; made-to-order/non-returnable",mm;KRW,Upper/lower frame and cart receiver rail cut set,Confirm cut tolerance and long-item freight in consolidated quote,Medium
SRC-PROC-011,NAVIMRO / Daeyoung,DAB4040 profile angle stock,Distributor product page,DAB4040 500 mm / K92683893,Accessed 2026-08-27,https://www.navimro.com/g/1941658/,2026-08-27,Product listing,"500 mm angle stock; VAT-included 7689 KRW; expected dispatch 2026-09-08",mm;KRW,Locally cut profile joint angles,Confirm section drawing and saw kerf,Medium
SRC-PROC-012,NAVIMRO,15 mm transparent acrylic sheet,Distributor product page,900 x 800 x 15 / K48313995,Accessed 2026-08-27,https://www.navimro.com/g/1693376/,2026-08-27,Product option,"900 x 800 x 15 mm; pack of two; VAT-included 615989 KRW; expected dispatch 2026-09-08",mm;KRW,Supported non-primary upper deck,Do not use as primary load path; local machining required,Medium
SRC-PROC-013,NAVIMRO,Steel flat bar,Distributor product page,50 x 6 x 6000 / K52633446,Accessed 2026-08-27,https://www.navimro.com/g/1806150/,2026-08-27,Product option,"50 mm wide x 6 mm thick x 6 m; VAT-included 28589 KRW",mm;KRW,Raw stock for joint yokes Cardan spreaders and cart locators,Material grade and local fabrication details remain to be frozen,Medium
SRC-PROC-014,NAVIMRO,12 mm guide hardware set,Distributor product pages,"K48398703; K06182829; K19818870",Accessed 2026-08-27,https://www.navimro.com/g/1687903/,2026-08-27,Product listings,"12 x 1000 SUJ2 shaft; LMF12UU flange bush; SK12 support",mm,NAVIMRO twin-shaft central-guide redesign,Flange/support dimensions and alignment must be checked in revised CAD,Medium
SRC-PROC-015,NAVIMRO / BOTECO,Y710 single-split shaft collar,Distributor product page,Y710028.VBD12 / K94509383,Accessed 2026-08-27,https://www.navimro.com/g/3542790/,2026-08-27,12 mm option,"12 bore; 28 OD; 11 width; black steel; VAT-included 16489 KRW",mm;KRW,Central-guide independent mechanical stop,No project-specific axial holding or impact rating published,Medium
SRC-PROC-016,NAVIMRO,CR-3001 mechanical latch,Distributor product page,CR-3001 / K61836622,Accessed 2026-08-27,https://www.navimro.com/g/2251820/,2026-08-27,Product listing,"SUS304 lockable draw latch; VAT-included 41789 KRW",KRW,Cart interface seating latch only,Published page lacks holding rating and keeper detail,Medium
SRC-PROC-017,NAVIMRO / Motorbank,DMD-150 DC motor controller,Distributor product page,DMD-150 / K63669714,Accessed 2026-08-27,https://www.navimro.com/g/2374172/,2026-08-27,Product listing,"Distributor summary: 6.5-40 V; 15 A; 360 W; VAT-included 65989 KRW",V;A;W;KRW,Purchase and price source only,"Do not use generic 360 W for 12 V sizing; official manual SRC-PROC-033 gives 180 W at 12 V plus thermal and regeneration conditions",Medium
SRC-PROC-018,NAVIMRO / ShenzenAV,Mega2560 PRO Type-C,Distributor product page,K92854307,Accessed 2026-08-27,https://www.navimro.com/g/3249838/,2026-08-27,Product listing,"ATmega2560 with CH340G and Type-C; VAT-included 37389 KRW",KRW,Stationary PoC supervisory controller,Not safety-rated,Medium
SRC-PROC-019,NAVIMRO / JK EMC,NES-350-12 power supply,Distributor product page,NES-350-12 / K47937908,Accessed 2026-08-27,https://www.navimro.com/g/1682263/,2026-08-27,Product listing,"12 V; 29 A; 348 W; VAT-included 65989 KRW",V;A;W;KRW,Three-axis stationary bench supply,Confirm measured simultaneous current and protective earth installation,Medium
SRC-PROC-020,NAVIMRO / Siemens,DC branch breaker,Distributor product page,5SY4110-7 / K63064199,Accessed 2026-08-27,https://www.navimro.com/g/2344333/,2026-08-27,Product listing,"1P 10 A; up to 72 VDC; VAT-included 42889 KRW",A;VDC;KRW,One motor branch breaker per actuator,Confirm trip curve against actual inrush,Medium
SRC-PROC-021,NAVIMRO,Electrical enclosure and wiring package,Distributor product pages,"SL902 and BOM E007-E024",Accessed 2026-08-27,https://www.navimro.com/g/205508/,2026-08-27,Product listings,"400 x 500 x 155 ABS box with plastic inner plate plus cord terminals wire glands ferrules DIN rail grounding fan and filter",mm,Complete stationary PoC control-box material set,Fan/filter prices require login; mains work requires competent person,Medium
SRC-PROC-022,NAVIMRO,Single-order BOM compilation,Project procurement record,47 active NAVIMRO order lines plus 3 zero-quantity audit rows,Revised 2026-08-28,https://www.navimro.com/,2026-08-28,procurement/navimro_single_order_bom.csv,"Rev D JFT-8R baseline known-price subtotal 2767127 KRW VAT included; freight and machining excluded",KRW,Consolidated one-order purchasing baseline,Do not release until vendor hold questions and Rev D open interfaces close,Medium
SRC-PROC-023,DIHOOL,DHLA2000 12 V A1 outline and downloads,Manufacturer product page,DHLA2000 A1,Accessed 2026-08-27,https://www.dihool.com/lang_en/Linear-Actuator-DHLA2000-Actuator_detail/1468_336,2026-08-28,Outline drawing product summary and 3D download section,"A1 Lmin=S+105 for S below 500; 150 mm stroke gives 255 to 405 mm; 6.1 mm end pin holes; page summary displays Current 5 Amp; A1 STEP linked",mm;A,Preferred 6 mm pin-end web-drawing case and provisional current screen,"NAVIMRO K92931811 does not identify A1; A2 page omits the current field and 5 A is not defined as rated maximum starting or stall current",High
SRC-PROC-024,DIHOOL,DHLA2000 12 V A2 outline and downloads,Manufacturer product page,DHLA2000 A2,Accessed 2026-08-27,https://www.dihool.com/lang_en/Linear-Actuator-DHLA2000-Actuator_detail/6672_336,2026-08-27,Outline drawing and 3D download section,"A2 Lmin=S+115 for S below 500; 150 mm stroke gives 265 to 415 mm; A2 STEP linked",mm,Alternate web-drawing reference case,Not selected after user directed a no-flat-panel assumption,High
SRC-PROC-025,NAVIMRO / DIHOOL,DHLA2000 500 mm listing with A1 detail image,Distributor product page,LA2000-125500 / K92931822,Accessed 2026-08-27,https://www.navimro.com/g/3267413/,2026-08-27,Product title and option row,"12 V; 2000 N; 500 mm stroke; 5 mm/s; detail image presents DHLA2000-A1",V;N;mm;mm/s,Explains the user-supplied A1 image,Not a 150 mm A1 purchase option and not applicable to the height envelope,Medium
SRC-PROC-026,NAVIMRO / DIHOOL,DHLA6000-A2 accessory depiction inside K92931811 detail image,Distributor detail image,diameter-10 M8 rod-end accessory depiction,Accessed 2026-08-27,https://www.navimro.com/g/3267401/,2026-08-27,First product-detail section,"Actuator is depicted plus a separate rod-end accessory marked diameter 10 and M8; flat panels appear later as an installation example",mm,Supports user-directed no-flat-panel planning assumption,Image is for DHLA6000-A2 rather than the listed DHLA2000 SKU and does not prove supplied contents,Low
SRC-PROC-027,NAVIMRO / JMC,JFT-8R spherical rod end,Distributor product page and catalog drawing,JFT-8R / K02020097,Accessed 2026-08-28,https://www.navimro.com/g/41422/,2026-08-28,Product listing and dimension image,"M8x1.25 RH female; 8 mm bore; 24 mm eye OD; 9 mm housing width; 12 mm ball width; 36 mm center-to-end; 13 degree articulation; 760 kgf breaking load; VAT-included 8789 KRW",mm;deg;kgf;KRW,Rev D actuator-end spherical joint,Confirm received dimensions and A2 thread compatibility before release,High
SRC-PROC-028,DIHOOL,IPS-B1 U bracket,Manufacturer accessory page and drawing,IPS-B1,Accessed 2026-08-28,https://www.dihool.com/lang_en/Accessories-IPS-B1-bracket_detail/3960_437,2026-08-28,Outline drawing,"Approximately 45 mm long and 58 mm high with 6 mm pivot and 8.5 mm base hole; single-axis U mount",mm,Historical Rev C bracket candidate,Not a nested two-axis stack with IPS-B2,High
SRC-PROC-029,DIHOOL,IPS-B2 H bracket,Manufacturer accessory page and drawing,IPS-B2,Accessed 2026-08-28,https://www.dihool.com/lang_en/Accessories-IPS-B2-bracket_detail/3970_437,2026-08-28,Outline drawing,"62 x 50 mm base with four 5.5 mm holes and one 6 mm clevis pivot; single-axis H mount",mm,Historical Rev C bracket candidate,Alternative mounting form rather than a nested U/H universal joint,High
SRC-PROC-030,DIHOOL,DHLA6000 A2 24 V official product page,Manufacturer product page,DHLA6000-A2 24V,Accessed 2026-08-28,https://www.dihool.com/lang_ko/Linear-Actuator-DHLA6000-Actuator_detail/3749_336,2026-08-28,Product page and installation description,"A2 family page; flat base plate plus M8 threaded installation; removable and replaceable central-tube mounting head; 24 V page displays 2.25 A",V;A,Reference evidence for interpreting the NAVIMRO A2 illustration,Current BOM item is DHLA2000 LA2000-125150 12 V; page does not state M8 gender engagement length or exact supplied contents,High
SRC-PROC-031,DIHOOL,DHLA6000 A2 specifications and advertised 3D download,Manufacturer product page and download table,DHLA6000-A2,Accessed 2026-08-28,https://www.dihool.com/lang_en/Linear-Actuator-DHLA6000-Actuator_detail/2531_336,2026-08-28,Technical parameters and 3D film,"72 W family; built-in limits; optional Hall sensors; IP43; 10 percent duty with 2 min continuous use; more than 30000 cycles; A2 STEP is listed",W;IP;percent;cycles,Reference-only electrical and interface evidence for DHLA6000,Advertised STEP URL returned HTTP 403 during access; values must not be substituted for DHLA2000 without written model confirmation,High
SRC-PROC-032,DIHOOL,DHLA6000 A2 12 V official product page,Manufacturer product page,DHLA6000-A2 12V,Accessed 2026-08-28,https://www.dihool.com/lang_ko/Linear-Actuator-DHLA6000-Actuator_detail/3731_336,2026-08-28,Product page outline and download table,"12 V page displays 4.5 A and uses the same A2 outline image URL installation description and DHLA6000-A2 HTML and STEP filenames as the 24 V A2 page",V;A,Strong evidence that DHLA6000-A2 12 V and 24 V variants share mechanical A2 hardware,"Manufacturer does not explicitly state mechanical identity across voltages; does not establish that DHLA2000 LA2000-125150 shares the DHLA6000 hardware",High
SRC-PROC-033,Motorbank,DMD-150 user manual,Manufacturer technical-data page and downloaded PDF,DMD-150,Accessed 2026-08-28,https://www.motorbank.kr/board/view.php?bdId=technicaldata&page=2&sno=348,2026-08-28,Official six-page user manual,"DC 6.5-41 V; 12 A continuous uncooled; 15 A with simple cooling; 180 W at 12 V; 3.3/5 V TTL; IN1/IN2/PWM truth table; brake and floating modes; regeneration warning",V;A;W,Released control-interface basis for E001,"Actuator current thermal test and motor-terminal bidirectional TVS/SMPS regeneration test remain required",High
SRC-PROC-034,Motorbank,DMD-150 Arduino example,Manufacturer technical-data page and downloaded ZIP,DMD-150 Arduino example,Accessed 2026-08-28,https://www.motorbank.kr/board/view.php?bdId=technicaldata&sno=349,2026-08-28,Official example source,"IN1/IN2/PWM example implements forward reverse brake and floating functions",logic,Reference implementation for Mega2560 pin-map and commissioning,"Example pin numbers are for the supplied Arduino example and may be remapped on Mega2560",High
