fastener,description,quantity,status,assembly_group
DECK_SPACER,nylon compression spacer,16,RELEASED,07_DECK
JFT8_SPACER_PAIR,4 mm misalignment spacer pair,6,PROVISIONAL,06_ACTUATORS
M5_SOCKET_SCREW,M5 socket screw,8,PROVISIONAL,02_FIXED_GUIDE
M5_WASHER,M5 flat washer,8,PROVISIONAL,02_FIXED_GUIDE
M6_SOCKET_SCREW,M6 socket screw,8,PROVISIONAL,03_MOVING_GUIDE
M6_SOCKET_SCREW,M6 socket screw,8,PROVISIONAL,08_CART_COUPLING
M6_TNUT,M6 T-slot nut,8,PROVISIONAL,03_MOVING_GUIDE
M6_TNUT,M6 T-slot nut,8,PROVISIONAL,08_CART_COUPLING
M6_WASHER,M6 flat washer,8,PROVISIONAL,03_MOVING_GUIDE
M6_WASHER,M6 flat washer,8,PROVISIONAL,08_CART_COUPLING
M8_PIVOT_BOLT,M8 pivot bolt,2,PROVISIONAL,04_CARDAN
M8_PIVOT_BOLT,M8 pivot bolt,6,PROVISIONAL,06_ACTUATORS
M8_SOCKET_SCREW,M8 socket screw,2,PROVISIONAL,08_CART_COUPLING
M8_SOCKET_SCREW,M8 socket screw,34,RELEASED,01_LOWER_FRAME
M8_SOCKET_SCREW,M8 socket screw,8,RELEASED,02_FIXED_GUIDE
M8_SOCKET_SCREW,M8 socket screw,8,RELEASED,04_CARDAN
M8_SOCKET_SCREW,M8 socket screw,30,RELEASED,05_UPPER_FRAME
M8_SOCKET_SCREW,M8 socket screw,16,RELEASED,07_DECK
M8_TNUT,M8 T-slot nut,34,RELEASED,01_LOWER_FRAME
M8_TNUT,M8 T-slot nut,8,RELEASED,02_FIXED_GUIDE
M8_TNUT,M8 T-slot nut,8,RELEASED,04_CARDAN
M8_TNUT,M8 T-slot nut,30,RELEASED,05_UPPER_FRAME
M8_TNUT,M8 T-slot nut,16,RELEASED,07_DECK
M8_WASHER,M8 flat washer,4,PROVISIONAL,04_CARDAN
M8_WASHER,M8 flat washer,12,PROVISIONAL,06_ACTUATORS
M8_WASHER,M8 flat washer,2,PROVISIONAL,08_CART_COUPLING
M8_WASHER,M8 flat washer,34,RELEASED,01_LOWER_FRAME
M8_WASHER,M8 flat washer,8,RELEASED,02_FIXED_GUIDE
M8_WASHER,M8 flat washer,8,RELEASED,04_CARDAN
M8_WASHER,M8 flat washer,30,RELEASED,05_UPPER_FRAME
M8_WASHER,M8 flat washer,16,RELEASED,07_DECK
