line_id,category,navimro_code,manufacturer_model,description,order_qty,order_unit,unit_price_krw_vat_included,extended_price_krw,dispatch_observed_2026-08-27,order_status,product_url,design_use,preorder_condition
M001,Actuator,K92931811,DIHOOL LA2000-125150 pin-lug assumption,"12 V 2000 N 150 mm stroke 5 mm/s actuator without flat mounting panels",3,EA,115489,346467,2026-09-07,HOLD_VENDOR_CONFIRM_PIN_END,https://www.navimro.com/g/3267401/,Three radial lift/level axes,"Confirm no flat panels supplied M8-to-eye accessory inclusion exact pivot-center Lmin/Lmax Hall wiring current and STEP"
M002,Actuator bracket,K92931726,DIHOOL IPS-B1-6MM-U,DHLA2000 6 mm U bracket,0,EA,10439,0,2026-09-07,SUPERSEDED_REVD,https://www.navimro.com/g/3266724/,Audit row only,U and H are alternative single-axis brackets and do not form the modeled spherical joint
M003,Actuator bracket,K92931725,DIHOOL IPS-B1-6MM-H,DHLA2000 6 mm H bracket,0,EA,10439,0,2026-09-07,SUPERSEDED_REVD,https://www.navimro.com/g/3266613/,Audit row only,U and H are alternative single-axis brackets and do not form the modeled spherical joint
M004,Spherical rod end,K02020097,JMC JFT-8R,"M8x1.25 RH female rod end; 8 mm bore 24 mm OD 9/12 mm width 13 degree articulation",6,EA,8789,52734,SAME_DAY,READY_AFTER_ACTUATOR_THREAD_CONFIRM,https://www.navimro.com/g/41422/,One spherical rod end at each actuator end,"Confirm delivered A2 male/female M8 interface; use fully engaged adapter and jam nut without exposed bending standoff"
F001,Profile,K42290417,Daeyoung DF 4040-8 840 mm,40 x 40 aluminum profile cut to 840 mm,2,EA,21439,42878,2026-09-07,READY_AFTER_DRAWING_CONFIRM,https://www.navimro.com/g/1044407/,Upper frame long rails,Confirm cut tolerance and end treatment
F002,Profile,K42290406,Daeyoung DF 4040-8 820 mm,40 x 40 aluminum profile cut to 820 mm,2,EA,21439,42878,2026-09-07,READY_AFTER_DRAWING_CONFIRM,https://www.navimro.com/g/1044407/,Lower frame long rails,Confirm cut tolerance and end treatment
F003,Profile,K42290371,Daeyoung DF 4040-8 760 mm,40 x 40 aluminum profile cut to 760 mm,2,EA,19789,39578,2026-09-07,READY_AFTER_DRAWING_CONFIRM,https://www.navimro.com/g/1044407/,Cart-side receiver rails,Confirm cut tolerance and end treatment
F004,Profile,K42290326,Daeyoung DF 4040-8 660 mm,40 x 40 aluminum profile cut to 660 mm,4,EA,17589,70356,2026-09-07,READY_AFTER_DRAWING_CONFIRM,https://www.navimro.com/g/1044407/,Upper frame end and cross rails,Confirm cut tolerance and end treatment
F005,Profile,K42290315,Daeyoung DF 4040-8 640 mm,40 x 40 aluminum profile cut to 640 mm,5,EA,21439,107195,2026-09-07,READY_AFTER_DRAWING_CONFIRM,https://www.navimro.com/g/1044407/,Lower frame end and cross rails including actuator support cross,Confirm cut tolerance and end treatment
F006,Profile,K42290279,Daeyoung DF 4040-8 560 mm,40 x 40 aluminum profile cut to 560 mm,0,EA,14839,0,2026-09-07,SUPERSEDED_REVD,https://www.navimro.com/g/1044407/,Audit row only,560 mm crossmembers left a 40 mm gap to the long rails
F007,Profile,K42290202,Daeyoung DF 4040-8 420 mm,40 x 40 aluminum profile cut to 420 mm,2,EA,13739,27478,2026-09-07,READY_AFTER_DRAWING_CONFIRM,https://www.navimro.com/g/1044407/,Upper orthogonal center spreaders,Confirm cut tolerance and end treatment
F008,Profile,K42290111,Daeyoung DF 4040-8 240 mm,40 x 40 aluminum profile cut to 240 mm,2,EA,7689,15378,2026-09-07,READY_AFTER_DRAWING_CONFIRM,https://www.navimro.com/g/1044407/,Moving vertical-guide carriage,Confirm cut tolerance and end treatment
F009,Profile joint,K92683893,Daeyoung DAB4040 500 mm,4040 profile angle stock 500 mm,3,BAR,7689,23067,2026-09-08,READY_AFTER_DRAWING_CONFIRM,https://www.navimro.com/g/1941658/,Cut locally into approximately thirty-six 40 mm angles,Confirm section drawing and hole pattern
F010,T-slot hardware,K14672090,40-series M8 square nut,M8 square nuts for 4040 profile,2,PK_100,7689,15378,SAME_DAY,READY,https://www.navimro.com/g/1171732/,Profile joints and adjustable hardpoints,None
F011,Fastener,K53536280,M8 x 16 SCM435 10.9,M8 socket cap screw full thread,5,PK_36,7579,37895,2026-09-08,READY,https://www.navimro.com/g/1845307/,Profile joint angles,None
F012,Fastener,K53536564,M8 x 25 SCM435 10.9,M8 socket cap screw full thread,2,PK_31,7359,14718,2026-09-04,PROVISIONAL,https://www.navimro.com/g/1845307/,Bracket and hardpoint assembly,Final grip length after drawing confirmation
F013,Fastener,K53536586,M8 x 35 SCM435 10.9,M8 socket cap screw full thread,2,PK_26,7359,14718,2026-09-04,PROVISIONAL,https://www.navimro.com/g/1845307/,Long bracket stacks and mock-up pins,Use as pivot only for low-duty mock-up after stack check
F014,Washer,K06130485,M8 SUS304 flat washer,M8 8.5 x 17 x 1 mm flat washer,2,PK_100,5049,10098,SAME_DAY,READY,https://www.navimro.com/g/171433/,Profile and bracket assemblies,None
F015,Locknut,K14536573,M8 SUS304 nyloc nut,M8 x 1.25 nylon insert locknut,1,PK_100,17039,17039,SAME_DAY,READY,https://www.navimro.com/g/1171852/,Non-profile M8 joints,None
F016,Panel,K48313995,PMMA transparent 900 x 800 x 15 mm,"15 mm transparent acrylic sheet pack; two sheets",1,PK_2,615989,615989,2026-09-08,READY_AFTER_DRAWING_CONFIRM,https://www.navimro.com/g/1693376/,One upper panel plus one spare,"Panel is non-primary; support on frame and use steel spreaders"
F017,Steel stock,K52633446,Steel flat bar 50 x 6 x 6000 mm,6 mm steel flat bar 50 mm wide 6 m,2,BAR,28589,57178,2026-09-02,READY_AFTER_DRAWING_CONFIRM,https://www.navimro.com/g/1806150/,Joint yokes Cardan plates spreaders cart locators plus one full spare bar,Local saw drill and deburr required
G001,Guide shaft,K48398703,SUJ2 ground shaft 12 x 1000 mm,12 mm heat-treated ground shaft,2,EA,13739,27478,NEXT_DAY,READY_AFTER_DRAWING_CONFIRM,https://www.navimro.com/g/1687903/,Twin central vertical guide shafts,Do not drill hardened shaft; clamp/support only
G002,Linear bushing,K06182829,LMF12UU,12 mm round-flange linear bushing,4,EA,4939,19756,SAME_DAY,READY_AFTER_DRAWING_CONFIRM,https://www.navimro.com/g/172905/,Two bushings per guide carriage,Confirm flange hole pattern in CAD
G003,Shaft support,K19818870,SK12,12 mm shaft support pack,2,PK_2,5489,10978,2026-09-01,READY_AFTER_DRAWING_CONFIRM,https://www.navimro.com/g/172903/,Four fixed shaft supports,Confirm support height in CAD
G004,Mechanical stop,K94509383,BOTECO Y710028.VBD12,12 mm single-split steel shaft collar 28 OD x 11,4,EA,16489,65956,2026-09-04,HOLD_VENDOR_CONFIRM,https://www.navimro.com/g/3542790/,Independent upper/lower Z travel stops,Obtain axial holding data or plan push-off proof test
L001,Cart latch,K61836622,CR-3001 SUS304 lockable latch,Mechanical draw latch with lock,4,EA,41789,167156,2026-09-02,HOLD_VENDOR_CONFIRM,https://www.navimro.com/g/2251820/,Draw module onto mechanical locators; not shear locator,"Confirm drawing holding rating and mating keeper inclusion"
E001,Motor driver,K63669714,Motorbank DMD-150,"6.5 to 41 V; 12 A continuous uncooled; 15 A with cooling; 180 W at 12 V; IN1/IN2/PWM",3,EA,65989,197967,2026-09-01,HOLD_ACTUATOR_CURRENT_AND_REGEN_PROTECTION,https://www.navimro.com/g/2374172/,One independent actuator channel,"Confirm actuator current and thermal margin; select and test motor-terminal bidirectional TVS/SMPS regeneration protection"
E002,Controller,K92854307,ShenzenAV Mega2560 PRO Type-C,ATmega2560 CH340G controller board,1,EA,37389,37389,2026-09-01,READY,https://www.navimro.com/g/3249838/,Prototype supervisory controller,Not safety-rated
E003,IMU,K27732921,Adafruit BNO055,9-axis absolute orientation breakout,1,EA,115489,115489,SAME_DAY,READY_FOR_POC,https://www.navimro.com/g/437068/,Pitch and roll feedback,One-off PoC item; not preferred for new long-life design
E004,Power supply,K47937908,JK EMC NES-350-12,12 V 29 A 348 W enclosed supply,1,EA,65989,65989,SAME_DAY,HOLD_ACTUATOR_CURRENT,https://www.navimro.com/g/1682263/,Three-axis 12 V bench bus,Confirm simultaneous actuator current and protective earth termination
E005,DC-DC,K46936438,Power Plaza 78NS3A-12-5R0V,10 to 18 V input 5 V 3 A output converter,1,EA,12089,12089,2026-09-02,READY,https://www.navimro.com/g/1231403/,Controller and sensor 5 V rail,None
E006,Enclosure,K07636024,SL902 ABS enclosure,400 x 500 x 155 mm ABS box,1,EA,27489,27489,SAME_DAY,READY_AFTER_LAYOUT,https://www.navimro.com/g/205508/,PSU drivers controller breakers terminals,Confirm internal mounting plate or add 6 mm steel/aluminum backing
E007,AC cord,K08345728,DYP-G15B,2 m grounded AC cord 1.5 sq x 3C,1,EA,4389,4389,SAME_DAY,READY,https://www.navimro.com/g/219098/,Bench mains inlet,Protective earth must bond PSU chassis
E008,AC breaker,K04115335,LS ABE32b 2P2E 10A,Two-pole 10 A molded case breaker,1,EA,23089,23089,SAME_DAY,READY,https://www.navimro.com/g/96608/,Reachable bench disconnect and AC overcurrent protection,Not represented as certified emergency stop
E009,DC branch breaker,K63064199,Siemens 5SY4110-7,1P 10 A breaker rated to 72 VDC,3,EA,42889,128667,2026-09-11,READY_AFTER_CURRENT_CONFIRM,https://www.navimro.com/g/2344333/,One protected motor branch per actuator,Confirm 10 A trip curve against measured actuator inrush
E010,Terminal strip,K02216060,JOTB-20-10,20 A 10-pole screw terminal block,2,EA,2739,5478,SAME_DAY,READY,https://www.navimro.com/g/34637/,AC/DC distribution and field wiring,Use covers and segregate mains from low voltage
E011,Power wire,K92854706,14 AWG silicone wire set,Red black white flexible wire set,1,SET,82489,82489,2026-09-01,HOLD_VENDOR_CONFIRM,https://www.navimro.com/g/3250166/,12 V actuator branches and short AC internal runs,Confirm reel count total length and voltage rating
E012,Control wire,K92843703,UL1007 24 AWG 6-color set,60 m total hookup wire set,1,SET,34089,34089,2026-09-01,READY,https://www.navimro.com/g/3242437/,Logic sensor and driver control wiring,None
E013,USB cable,K41731919,USB A to Type-C 2 m,USB data cable,1,EA,2079,2079,SAME_DAY,READY,https://www.navimro.com/g/1032877/,Laptop to controller,None
E014,Heat shrink,K52569152,12-type heat-shrink kit,750-piece heat-shrink assortment,1,SET,12089,12089,SAME_DAY,READY,https://www.navimro.com/g/1801635/,Wire insulation and identification,None
E015,Cable gland,K22571959,PG13.5 cable gland,6 to 12 mm cable gland pack,1,PK_10,7689,7689,SAME_DAY,READY,https://www.navimro.com/g/33853/,Enclosure cable entries,None
E016,Ferrule kit,K92839991,GLW DY6330,0.5 0.75 1.0 1.5 2.5 sq ferrule kit 50 each,1,SET,43989,43989,2026-09-02,READY,https://www.navimro.com/g/3243865/,Screw terminal wire ends,Requires matching square/hex ferrule crimper already available or separately purchased
E017,Cable tie,K01415707,J-200 black,200 x 4.8 mm black cable tie pack,1,PK_1000,17039,17039,SAME_DAY,READY,https://www.navimro.com/g/64266/,Harness support and strain relief,Do not use as sole moving cable support
E018,Insulation tape,K40799280,Black PVC electrical tape,10 m x 19 mm x 0.19 mm black tape,3,EA,550,1650,SAME_DAY,READY,https://www.navimro.com/g/17624/,Harness finishing and temporary labels,None
E019,Cooling fan,K77669622,EVERCOOL EC8025L12C-2P,80 mm 12 V 2-pin 25 mm fan 24.8 CFM,1,EA,5489,5489,2026-09-02,READY,https://www.navimro.com/g/2837459/,Forced enclosure exhaust,Logged-in VAT price verified 2026-08-27
E020,Fan filter,K77677462,Joycool 80MM fan filter,80 x 80 mm black fan filter,1,EA,660,660,2026-09-02,READY,https://www.navimro.com/g/2838243/,Filtered enclosure intake,Logged-in VAT price verified 2026-08-27
E021,DIN rail,K57967596,FESTO NRH-35-2000,35 mm DIN mounting rail 2 m,1,EA,73689,73689,2026-09-11,READY,https://www.navimro.com/g/2026072/,Mount AC and DC breakers inside enclosure,Cut and deburr locally
E022,Protective earth wire,K55027039,TFR-GV 2.5 sq green/yellow,0.6/1 kV stranded protective earth wire sold per metre,3,M,1419,4257,2026-08-28,READY,https://www.navimro.com/g/227120/,Bond AC cord PE to PSU chassis and any exposed metal electrical panel,Do not substitute another color
E023,Crimp terminals,K92807634,NAVIMRO 150-piece terminal set,Assorted insulated ring and fork crimp terminals,1,SET,7249,7249,SAME_DAY,READY,https://www.navimro.com/g/3238732/,PSU breaker and protective-earth terminations,Confirm included wire and stud sizes cover 1.5 to 2.5 sq and M4/M5
E024,PCB mounting,K28009916,NT-KIT-E018 M3,PCB plastic support and screw kit,1,SET,14289,14289,SAME_DAY,READY,https://www.navimro.com/g/440626/,Controller sensor and small converter mounting,None
