item,description,used_quantity,sku,note
F01,M8x20 bolt,24,K53672490,4035 16 + hub 8
F02,SP408 M8 spring nut,24,K14671419,lower profiles
F03,M6x15 button socket bolt,16,K14333089,DCB3025
F04,SP306 M6 spring nut,16,K14671215,upper profiles
F05,M8x16 screw plus flat/spring washer,6,K53672478 family,LMB to tapped hub
F06,TB306 M6x20 T-bolt,3,K55868014,PHS6 to 3030
F07,M6x50 partial-thread bolt,3,K53672105,upper eye joint
F08,M6 washer,6,K14530259,upper eye joint
F09,M6 prevailing nut and ID6 shim,3,SKU_OPEN,after one-axis fit
