hole_id,x_mm,y_mm,operation,quantity_group
HC01,-100.000,-80.000,THRU DIA9,hub-to-4040
HC02,-35.000,-80.000,THRU DIA9,hub-to-4040
HC03,35.000,-80.000,THRU DIA9,hub-to-4040
HC04,100.000,-80.000,THRU DIA9,hub-to-4040
HC05,-100.000,80.000,THRU DIA9,hub-to-4040
HC06,-35.000,80.000,THRU DIA9,hub-to-4040
HC07,35.000,80.000,THRU DIA9,hub-to-4040
HC08,100.000,80.000,THRU DIA9,hub-to-4040
HT01,14.500,75.000,DRILL DIA6.8 THEN TAP M8x1.25,LMB-to-hub
HT02,14.500,39.000,DRILL DIA6.8 THEN TAP M8x1.25,LMB-to-hub
HT03,-72.202,-24.943,DRILL DIA6.8 THEN TAP M8x1.25,LMB-to-hub
HT04,-41.025,-6.943,DRILL DIA6.8 THEN TAP M8x1.25,LMB-to-hub
HT05,57.702,-50.057,DRILL DIA6.8 THEN TAP M8x1.25,LMB-to-hub
HT06,26.525,-32.057,DRILL DIA6.8 THEN TAP M8x1.25,LMB-to-hub
