item,description,quantity,supplier_or_sku,status
P01,DNF4040 M8-slot extrusion 700 mm,2,K92787708,CORE_GEOMETRY_PASS
P02,DNF4040 M8-slot extrusion 620 mm,4,K92787705,CORE_GEOMETRY_PASS
P03,DNF3030-6 M6-slot extrusion 700 mm,2,K42296106,CORE_GEOMETRY_PASS
P04,DNF3030-6 M6-slot extrusion 640 mm,4,K42296071,CORE_GEOMETRY_PASS
C01,4035 40-series bracket,8,K92782553,TWO_HORIZONTAL_AXES_MODELED
C02,DCB3025 30-series bracket,8,K56842696,TWO_HORIZONTAL_AXES_MODELED
H01,A6061-T6 lower hub 280x220x10,1,CUSTOM,FIRST_ARTICLE_REQUIRED
J01,LM4075OE-1075 24 V 100 mm encoder,3,MOTIONGEARON,EYE_WIDTH_OPEN
J02,LMB-10 lower clevis,3,MOTORBANK,PIN_INCLUSION_CONFIRM
J03,THK PHS6 female rod end,3,THK,PUBLISHED_DIMENSION_PASS
S01,M10 independent mechanical stop set,3,CUSTOM/CATALOG,MOUNT_DETAIL_OPEN
