component_name,group,interface,required_confirmation
NVR-P09_LMF_tab_1_1,02_FIXED_GUIDE,SS400 50x76x6,Common PCD32 four-hole pattern modeled; 76 mm tab reaches the offset riser; transfer-check against delivered LMF12UU
LMF12UU_1_1,02_FIXED_GUIDE,LMF12UU linear bushing,Confirm delivered dimensions and replace planning geometry
LMF_1_1_1_screw,02_FIXED_GUIDE,M4 socket screw,Confirm delivered dimensions and replace planning geometry
LMF_1_1_1_washer,02_FIXED_GUIDE,M4 flat washer,Confirm delivered dimensions and replace planning geometry
LMF_1_1_1_nyloc,02_FIXED_GUIDE,M4 nyloc nut,Confirm delivered dimensions and replace planning geometry
LMF_1_1_2_screw,02_FIXED_GUIDE,M4 socket screw,Confirm delivered dimensions and replace planning geometry
LMF_1_1_2_washer,02_FIXED_GUIDE,M4 flat washer,Confirm delivered dimensions and replace planning geometry
LMF_1_1_2_nyloc,02_FIXED_GUIDE,M4 nyloc nut,Confirm delivered dimensions and replace planning geometry
LMF_1_1_3_screw,02_FIXED_GUIDE,M4 socket screw,Confirm delivered dimensions and replace planning geometry
LMF_1_1_3_washer,02_FIXED_GUIDE,M4 flat washer,Confirm delivered dimensions and replace planning geometry
LMF_1_1_3_nyloc,02_FIXED_GUIDE,M4 nyloc nut,Confirm delivered dimensions and replace planning geometry
LMF_1_1_4_screw,02_FIXED_GUIDE,M4 socket screw,Confirm delivered dimensions and replace planning geometry
LMF_1_1_4_washer,02_FIXED_GUIDE,M4 flat washer,Confirm delivered dimensions and replace planning geometry
LMF_1_1_4_nyloc,02_FIXED_GUIDE,M4 nyloc nut,Confirm delivered dimensions and replace planning geometry
NVR-P09_LMF_tab_1_2,02_FIXED_GUIDE,SS400 50x76x6,Common PCD32 four-hole pattern modeled; 76 mm tab reaches the offset riser; transfer-check against delivered LMF12UU
LMF12UU_1_2,02_FIXED_GUIDE,LMF12UU linear bushing,Confirm delivered dimensions and replace planning geometry
LMF_1_2_1_screw,02_FIXED_GUIDE,M4 socket screw,Confirm delivered dimensions and replace planning geometry
LMF_1_2_1_washer,02_FIXED_GUIDE,M4 flat washer,Confirm delivered dimensions and replace planning geometry
LMF_1_2_1_nyloc,02_FIXED_GUIDE,M4 nyloc nut,Confirm delivered dimensions and replace planning geometry
LMF_1_2_2_screw,02_FIXED_GUIDE,M4 socket screw,Confirm delivered dimensions and replace planning geometry
LMF_1_2_2_washer,02_FIXED_GUIDE,M4 flat washer,Confirm delivered dimensions and replace planning geometry
LMF_1_2_2_nyloc,02_FIXED_GUIDE,M4 nyloc nut,Confirm delivered dimensions and replace planning geometry
LMF_1_2_3_screw,02_FIXED_GUIDE,M4 socket screw,Confirm delivered dimensions and replace planning geometry
LMF_1_2_3_washer,02_FIXED_GUIDE,M4 flat washer,Confirm delivered dimensions and replace planning geometry
LMF_1_2_3_nyloc,02_FIXED_GUIDE,M4 nyloc nut,Confirm delivered dimensions and replace planning geometry
LMF_1_2_4_screw,02_FIXED_GUIDE,M4 socket screw,Confirm delivered dimensions and replace planning geometry
LMF_1_2_4_washer,02_FIXED_GUIDE,M4 flat washer,Confirm delivered dimensions and replace planning geometry
LMF_1_2_4_nyloc,02_FIXED_GUIDE,M4 nyloc nut,Confirm delivered dimensions and replace planning geometry
NVR-P09_LMF_tab_2_1,02_FIXED_GUIDE,SS400 50x76x6,Common PCD32 four-hole pattern modeled; 76 mm tab reaches the offset riser; transfer-check against delivered LMF12UU
LMF12UU_2_1,02_FIXED_GUIDE,LMF12UU linear bushing,Confirm delivered dimensions and replace planning geometry
LMF_2_1_1_screw,02_FIXED_GUIDE,M4 socket screw,Confirm delivered dimensions and replace planning geometry
LMF_2_1_1_washer,02_FIXED_GUIDE,M4 flat washer,Confirm delivered dimensions and replace planning geometry
LMF_2_1_1_nyloc,02_FIXED_GUIDE,M4 nyloc nut,Confirm delivered dimensions and replace planning geometry
LMF_2_1_2_screw,02_FIXED_GUIDE,M4 socket screw,Confirm delivered dimensions and replace planning geometry
LMF_2_1_2_washer,02_FIXED_GUIDE,M4 flat washer,Confirm delivered dimensions and replace planning geometry
LMF_2_1_2_nyloc,02_FIXED_GUIDE,M4 nyloc nut,Confirm delivered dimensions and replace planning geometry
LMF_2_1_3_screw,02_FIXED_GUIDE,M4 socket screw,Confirm delivered dimensions and replace planning geometry
LMF_2_1_3_washer,02_FIXED_GUIDE,M4 flat washer,Confirm delivered dimensions and replace planning geometry
LMF_2_1_3_nyloc,02_FIXED_GUIDE,M4 nyloc nut,Confirm delivered dimensions and replace planning geometry
LMF_2_1_4_screw,02_FIXED_GUIDE,M4 socket screw,Confirm delivered dimensions and replace planning geometry
LMF_2_1_4_washer,02_FIXED_GUIDE,M4 flat washer,Confirm delivered dimensions and replace planning geometry
LMF_2_1_4_nyloc,02_FIXED_GUIDE,M4 nyloc nut,Confirm delivered dimensions and replace planning geometry
NVR-P09_LMF_tab_2_2,02_FIXED_GUIDE,SS400 50x76x6,Common PCD32 four-hole pattern modeled; 76 mm tab reaches the offset riser; transfer-check against delivered LMF12UU
LMF12UU_2_2,02_FIXED_GUIDE,LMF12UU linear bushing,Confirm delivered dimensions and replace planning geometry
LMF_2_2_1_screw,02_FIXED_GUIDE,M4 socket screw,Confirm delivered dimensions and replace planning geometry
LMF_2_2_1_washer,02_FIXED_GUIDE,M4 flat washer,Confirm delivered dimensions and replace planning geometry
LMF_2_2_1_nyloc,02_FIXED_GUIDE,M4 nyloc nut,Confirm delivered dimensions and replace planning geometry
LMF_2_2_2_screw,02_FIXED_GUIDE,M4 socket screw,Confirm delivered dimensions and replace planning geometry
LMF_2_2_2_washer,02_FIXED_GUIDE,M4 flat washer,Confirm delivered dimensions and replace planning geometry
LMF_2_2_2_nyloc,02_FIXED_GUIDE,M4 nyloc nut,Confirm delivered dimensions and replace planning geometry
LMF_2_2_3_screw,02_FIXED_GUIDE,M4 socket screw,Confirm delivered dimensions and replace planning geometry
LMF_2_2_3_washer,02_FIXED_GUIDE,M4 flat washer,Confirm delivered dimensions and replace planning geometry
LMF_2_2_3_nyloc,02_FIXED_GUIDE,M4 nyloc nut,Confirm delivered dimensions and replace planning geometry
LMF_2_2_4_screw,02_FIXED_GUIDE,M4 socket screw,Confirm delivered dimensions and replace planning geometry
LMF_2_2_4_washer,02_FIXED_GUIDE,M4 flat washer,Confirm delivered dimensions and replace planning geometry
LMF_2_2_4_nyloc,02_FIXED_GUIDE,M4 nyloc nut,Confirm delivered dimensions and replace planning geometry
SK12_1,03_MOVING_GUIDE,SK12 shaft support rotated for vertical shaft,Common SK12 42x38x14 envelope with 32 mm mounting-hole spacing; confirm delivered part
SK12_1_1_screw,03_MOVING_GUIDE,M4 socket screw,Confirm delivered dimensions and replace planning geometry
SK12_1_1_washer,03_MOVING_GUIDE,M4 flat washer,Confirm delivered dimensions and replace planning geometry
SK12_1_1_tnut,03_MOVING_GUIDE,M4 T-slot nut,Confirm delivered dimensions and replace planning geometry
SK12_1_2_screw,03_MOVING_GUIDE,M4 socket screw,Confirm delivered dimensions and replace planning geometry
SK12_1_2_washer,03_MOVING_GUIDE,M4 flat washer,Confirm delivered dimensions and replace planning geometry
SK12_1_2_tnut,03_MOVING_GUIDE,M4 T-slot nut,Confirm delivered dimensions and replace planning geometry
SK12_2,03_MOVING_GUIDE,SK12 shaft support rotated for vertical shaft,Common SK12 42x38x14 envelope with 32 mm mounting-hole spacing; confirm delivered part
SK12_2_1_screw,03_MOVING_GUIDE,M4 socket screw,Confirm delivered dimensions and replace planning geometry
SK12_2_1_washer,03_MOVING_GUIDE,M4 flat washer,Confirm delivered dimensions and replace planning geometry
SK12_2_1_tnut,03_MOVING_GUIDE,M4 T-slot nut,Confirm delivered dimensions and replace planning geometry
SK12_2_2_screw,03_MOVING_GUIDE,M4 socket screw,Confirm delivered dimensions and replace planning geometry
SK12_2_2_washer,03_MOVING_GUIDE,M4 flat washer,Confirm delivered dimensions and replace planning geometry
SK12_2_2_tnut,03_MOVING_GUIDE,M4 T-slot nut,Confirm delivered dimensions and replace planning geometry
CARDAN_Y_pin,04_CARDAN,M8 pivot bolt,Confirm delivered dimensions and replace planning geometry
CARDAN_Y_washer_A,04_CARDAN,M8 flat washer,Confirm delivered dimensions and replace planning geometry
CARDAN_Y_washer_B,04_CARDAN,M8 flat washer,Confirm delivered dimensions and replace planning geometry
CARDAN_Y_nyloc,04_CARDAN,M8 nyloc nut,Confirm delivered dimensions and replace planning geometry
CARDAN_X_pin,04_CARDAN,M8 pivot bolt,Confirm delivered dimensions and replace planning geometry
CARDAN_X_washer_A,04_CARDAN,M8 flat washer,Confirm delivered dimensions and replace planning geometry
CARDAN_X_washer_B,04_CARDAN,M8 flat washer,Confirm delivered dimensions and replace planning geometry
CARDAN_X_nyloc,04_CARDAN,M8 nyloc nut,Confirm delivered dimensions and replace planning geometry
CARDAN_angle_stop_1,04_CARDAN,M8 adjustable stop block welded under upper bridge,Set beyond +/-3 degree command range during dry assembly
CARDAN_angle_stop_2,04_CARDAN,M8 adjustable stop block welded under upper bridge,Set beyond +/-3 degree command range during dry assembly
CARDAN_angle_stop_3,04_CARDAN,M8 adjustable stop block welded under upper bridge,Set beyond +/-3 degree command range during dry assembly
CARDAN_angle_stop_4,04_CARDAN,M8 adjustable stop block welded under upper bridge,Set beyond +/-3 degree command range during dry assembly
LA2000_A2_PROVISIONAL_1,06_ACTUATORS,DIHOOL LA2000-125150 A2 conservative envelope,Replace with supplier STEP; pin-centre and motor/cable envelope remain vendor confirmation items
ACT1_LOWER_M8_A2_ADAPTER_PROVISIONAL,06_ACTUATORS,M8x1.25 threaded interface and jam-nut envelope,Confirm whether delivered A2 end is male or female and set full thread engagement with no exposed bending standoff
ACT1_LOWER_spacer_pair,06_ACTUATORS,4 mm misalignment spacer pair,Turn or select after measuring the delivered rod-end ball width
ACT1_LOWER_pin,06_ACTUATORS,M8 pivot bolt,Confirm delivered dimensions and replace planning geometry
ACT1_LOWER_washer_A,06_ACTUATORS,M8 flat washer,Confirm delivered dimensions and replace planning geometry
ACT1_LOWER_washer_B,06_ACTUATORS,M8 flat washer,Confirm delivered dimensions and replace planning geometry
ACT1_LOWER_nyloc,06_ACTUATORS,M8 nyloc nut,Confirm delivered dimensions and replace planning geometry
ACT1_UPPER_M8_A2_ADAPTER_PROVISIONAL,06_ACTUATORS,M8x1.25 threaded interface and jam-nut envelope,Confirm whether delivered A2 end is male or female and set full thread engagement with no exposed bending standoff
ACT1_UPPER_spacer_pair,06_ACTUATORS,4 mm misalignment spacer pair,Turn or select after measuring the delivered rod-end ball width
ACT1_UPPER_pin,06_ACTUATORS,M8 pivot bolt,Confirm delivered dimensions and replace planning geometry
ACT1_UPPER_washer_A,06_ACTUATORS,M8 flat washer,Confirm delivered dimensions and replace planning geometry
ACT1_UPPER_washer_B,06_ACTUATORS,M8 flat washer,Confirm delivered dimensions and replace planning geometry
ACT1_UPPER_nyloc,06_ACTUATORS,M8 nyloc nut,Confirm delivered dimensions and replace planning geometry
LA2000_A2_PROVISIONAL_2,06_ACTUATORS,DIHOOL LA2000-125150 A2 conservative envelope,Replace with supplier STEP; pin-centre and motor/cable envelope remain vendor confirmation items
ACT2_LOWER_M8_A2_ADAPTER_PROVISIONAL,06_ACTUATORS,M8x1.25 threaded interface and jam-nut envelope,Confirm whether delivered A2 end is male or female and set full thread engagement with no exposed bending standoff
ACT2_LOWER_spacer_pair,06_ACTUATORS,4 mm misalignment spacer pair,Turn or select after measuring the delivered rod-end ball width
ACT2_LOWER_pin,06_ACTUATORS,M8 pivot bolt,Confirm delivered dimensions and replace planning geometry
ACT2_LOWER_washer_A,06_ACTUATORS,M8 flat washer,Confirm delivered dimensions and replace planning geometry
ACT2_LOWER_washer_B,06_ACTUATORS,M8 flat washer,Confirm delivered dimensions and replace planning geometry
ACT2_LOWER_nyloc,06_ACTUATORS,M8 nyloc nut,Confirm delivered dimensions and replace planning geometry
ACT2_UPPER_M8_A2_ADAPTER_PROVISIONAL,06_ACTUATORS,M8x1.25 threaded interface and jam-nut envelope,Confirm whether delivered A2 end is male or female and set full thread engagement with no exposed bending standoff
ACT2_UPPER_spacer_pair,06_ACTUATORS,4 mm misalignment spacer pair,Turn or select after measuring the delivered rod-end ball width
ACT2_UPPER_pin,06_ACTUATORS,M8 pivot bolt,Confirm delivered dimensions and replace planning geometry
ACT2_UPPER_washer_A,06_ACTUATORS,M8 flat washer,Confirm delivered dimensions and replace planning geometry
ACT2_UPPER_washer_B,06_ACTUATORS,M8 flat washer,Confirm delivered dimensions and replace planning geometry
ACT2_UPPER_nyloc,06_ACTUATORS,M8 nyloc nut,Confirm delivered dimensions and replace planning geometry
LA2000_A2_PROVISIONAL_3,06_ACTUATORS,DIHOOL LA2000-125150 A2 conservative envelope,Replace with supplier STEP; pin-centre and motor/cable envelope remain vendor confirmation items
ACT3_LOWER_M8_A2_ADAPTER_PROVISIONAL,06_ACTUATORS,M8x1.25 threaded interface and jam-nut envelope,Confirm whether delivered A2 end is male or female and set full thread engagement with no exposed bending standoff
ACT3_LOWER_spacer_pair,06_ACTUATORS,4 mm misalignment spacer pair,Turn or select after measuring the delivered rod-end ball width
ACT3_LOWER_pin,06_ACTUATORS,M8 pivot bolt,Confirm delivered dimensions and replace planning geometry
ACT3_LOWER_washer_A,06_ACTUATORS,M8 flat washer,Confirm delivered dimensions and replace planning geometry
ACT3_LOWER_washer_B,06_ACTUATORS,M8 flat washer,Confirm delivered dimensions and replace planning geometry
ACT3_LOWER_nyloc,06_ACTUATORS,M8 nyloc nut,Confirm delivered dimensions and replace planning geometry
ACT3_UPPER_M8_A2_ADAPTER_PROVISIONAL,06_ACTUATORS,M8x1.25 threaded interface and jam-nut envelope,Confirm whether delivered A2 end is male or female and set full thread engagement with no exposed bending standoff
ACT3_UPPER_spacer_pair,06_ACTUATORS,4 mm misalignment spacer pair,Turn or select after measuring the delivered rod-end ball width
ACT3_UPPER_pin,06_ACTUATORS,M8 pivot bolt,Confirm delivered dimensions and replace planning geometry
ACT3_UPPER_washer_A,06_ACTUATORS,M8 flat washer,Confirm delivered dimensions and replace planning geometry
ACT3_UPPER_washer_B,06_ACTUATORS,M8 flat washer,Confirm delivered dimensions and replace planning geometry
ACT3_UPPER_nyloc,06_ACTUATORS,M8 nyloc nut,Confirm delivered dimensions and replace planning geometry
DECK_spacer_01,07_DECK,aluminium compression sleeve ID8.6 OD18 L15,Machine from tube or select exact NAVIMRO spacer after deck receipt
DECK_spacer_02,07_DECK,aluminium compression sleeve ID8.6 OD18 L15,Machine from tube or select exact NAVIMRO spacer after deck receipt
DECK_spacer_03,07_DECK,aluminium compression sleeve ID8.6 OD18 L15,Machine from tube or select exact NAVIMRO spacer after deck receipt
DECK_spacer_04,07_DECK,aluminium compression sleeve ID8.6 OD18 L15,Machine from tube or select exact NAVIMRO spacer after deck receipt
DECK_spacer_05,07_DECK,aluminium compression sleeve ID8.6 OD18 L15,Machine from tube or select exact NAVIMRO spacer after deck receipt
DECK_spacer_06,07_DECK,aluminium compression sleeve ID8.6 OD18 L15,Machine from tube or select exact NAVIMRO spacer after deck receipt
DECK_spacer_07,07_DECK,aluminium compression sleeve ID8.6 OD18 L15,Machine from tube or select exact NAVIMRO spacer after deck receipt
DECK_spacer_08,07_DECK,aluminium compression sleeve ID8.6 OD18 L15,Machine from tube or select exact NAVIMRO spacer after deck receipt
DECK_spacer_09,07_DECK,aluminium compression sleeve ID8.6 OD18 L15,Machine from tube or select exact NAVIMRO spacer after deck receipt
DECK_spacer_10,07_DECK,aluminium compression sleeve ID8.6 OD18 L15,Machine from tube or select exact NAVIMRO spacer after deck receipt
DECK_spacer_11,07_DECK,aluminium compression sleeve ID8.6 OD18 L15,Machine from tube or select exact NAVIMRO spacer after deck receipt
DECK_spacer_12,07_DECK,aluminium compression sleeve ID8.6 OD18 L15,Machine from tube or select exact NAVIMRO spacer after deck receipt
DECK_spacer_13,07_DECK,aluminium compression sleeve ID8.6 OD18 L15,Machine from tube or select exact NAVIMRO spacer after deck receipt
DECK_spacer_14,07_DECK,aluminium compression sleeve ID8.6 OD18 L15,Machine from tube or select exact NAVIMRO spacer after deck receipt
DECK_spacer_15,07_DECK,aluminium compression sleeve ID8.6 OD18 L15,Machine from tube or select exact NAVIMRO spacer after deck receipt
DECK_spacer_16,07_DECK,aluminium compression sleeve ID8.6 OD18 L15,Machine from tube or select exact NAVIMRO spacer after deck receipt
NVR-C01_receiver_rail_1,08_CART_COUPLING,6063-T5 4040 T-slot profile,Rev E cart-side reference is shown separated below the module; do not fabricate before cart dimensions are frozen
NVR-C01_receiver_rail_2,08_CART_COUPLING,6063-T5 4040 T-slot profile,Rev E cart-side reference is shown separated below the module; do not fabricate before cart dimensions are frozen
NVR-P10_master_locator_plate,08_CART_COUPLING,SS400 120x50x6,Rev E cart-side reference is shown separated below the module; do not fabricate before cart dimensions are frozen
NVR-C02_master_locator_PROVISIONAL,08_CART_COUPLING,turned steel locator pin,Rev E cart-side reference is shown separated below the module; do not fabricate before cart dimensions are frozen
LOCATOR_1_screw,08_CART_COUPLING,M8 socket screw,Rev E cart-side reference is shown separated below the module; do not fabricate before cart dimensions are frozen
LOCATOR_1_washer,08_CART_COUPLING,M8 flat washer,Rev E cart-side reference is shown separated below the module; do not fabricate before cart dimensions are frozen
LOCATOR_1_nyloc,08_CART_COUPLING,M8 nyloc nut,Rev E cart-side reference is shown separated below the module; do not fabricate before cart dimensions are frozen
NVR-P10_secondary_locator_plate,08_CART_COUPLING,SS400 120x50x6,Rev E cart-side reference is shown separated below the module; do not fabricate before cart dimensions are frozen
NVR-C02_secondary_locator_PROVISIONAL,08_CART_COUPLING,turned steel locator pin,Rev E cart-side reference is shown separated below the module; do not fabricate before cart dimensions are frozen
LOCATOR_2_screw,08_CART_COUPLING,M8 socket screw,Rev E cart-side reference is shown separated below the module; do not fabricate before cart dimensions are frozen
LOCATOR_2_washer,08_CART_COUPLING,M8 flat washer,Rev E cart-side reference is shown separated below the module; do not fabricate before cart dimensions are frozen
LOCATOR_2_nyloc,08_CART_COUPLING,M8 nyloc nut,Rev E cart-side reference is shown separated below the module; do not fabricate before cart dimensions are frozen
NVR-P11_latch_spreader_1,08_CART_COUPLING,SS400 100x50x6,Rev E cart-side reference is shown separated below the module; do not fabricate before cart dimensions are frozen
CR3001_latch_1_PROVISIONAL,08_CART_COUPLING,CR-3001 latch,Rev E cart-side reference is shown separated below the module; do not fabricate before cart dimensions are frozen
NVR-P12_CR3001_keeper_1_PROVISIONAL,08_CART_COUPLING,SS400 keeper fitted to CR-3001,Rev E cart-side reference is shown separated below the module; do not fabricate before cart dimensions are frozen
LATCH_1_1_screw,08_CART_COUPLING,M6 socket screw,Rev E cart-side reference is shown separated below the module; do not fabricate before cart dimensions are frozen
LATCH_1_1_washer,08_CART_COUPLING,M6 flat washer,Rev E cart-side reference is shown separated below the module; do not fabricate before cart dimensions are frozen
LATCH_1_1_tnut,08_CART_COUPLING,M6 T-slot nut,Rev E cart-side reference is shown separated below the module; do not fabricate before cart dimensions are frozen
LATCH_1_2_screw,08_CART_COUPLING,M6 socket screw,Rev E cart-side reference is shown separated below the module; do not fabricate before cart dimensions are frozen
LATCH_1_2_washer,08_CART_COUPLING,M6 flat washer,Rev E cart-side reference is shown separated below the module; do not fabricate before cart dimensions are frozen
LATCH_1_2_tnut,08_CART_COUPLING,M6 T-slot nut,Rev E cart-side reference is shown separated below the module; do not fabricate before cart dimensions are frozen
NVR-P11_latch_spreader_2,08_CART_COUPLING,SS400 100x50x6,Rev E cart-side reference is shown separated below the module; do not fabricate before cart dimensions are frozen
CR3001_latch_2_PROVISIONAL,08_CART_COUPLING,CR-3001 latch,Rev E cart-side reference is shown separated below the module; do not fabricate before cart dimensions are frozen
NVR-P12_CR3001_keeper_2_PROVISIONAL,08_CART_COUPLING,SS400 keeper fitted to CR-3001,Rev E cart-side reference is shown separated below the module; do not fabricate before cart dimensions are frozen
LATCH_2_1_screw,08_CART_COUPLING,M6 socket screw,Rev E cart-side reference is shown separated below the module; do not fabricate before cart dimensions are frozen
LATCH_2_1_washer,08_CART_COUPLING,M6 flat washer,Rev E cart-side reference is shown separated below the module; do not fabricate before cart dimensions are frozen
LATCH_2_1_tnut,08_CART_COUPLING,M6 T-slot nut,Rev E cart-side reference is shown separated below the module; do not fabricate before cart dimensions are frozen
LATCH_2_2_screw,08_CART_COUPLING,M6 socket screw,Rev E cart-side reference is shown separated below the module; do not fabricate before cart dimensions are frozen
LATCH_2_2_washer,08_CART_COUPLING,M6 flat washer,Rev E cart-side reference is shown separated below the module; do not fabricate before cart dimensions are frozen
LATCH_2_2_tnut,08_CART_COUPLING,M6 T-slot nut,Rev E cart-side reference is shown separated below the module; do not fabricate before cart dimensions are frozen
NVR-P11_latch_spreader_3,08_CART_COUPLING,SS400 100x50x6,Rev E cart-side reference is shown separated below the module; do not fabricate before cart dimensions are frozen
CR3001_latch_3_PROVISIONAL,08_CART_COUPLING,CR-3001 latch,Rev E cart-side reference is shown separated below the module; do not fabricate before cart dimensions are frozen
NVR-P12_CR3001_keeper_3_PROVISIONAL,08_CART_COUPLING,SS400 keeper fitted to CR-3001,Rev E cart-side reference is shown separated below the module; do not fabricate before cart dimensions are frozen
LATCH_3_1_screw,08_CART_COUPLING,M6 socket screw,Rev E cart-side reference is shown separated below the module; do not fabricate before cart dimensions are frozen
LATCH_3_1_washer,08_CART_COUPLING,M6 flat washer,Rev E cart-side reference is shown separated below the module; do not fabricate before cart dimensions are frozen
LATCH_3_1_tnut,08_CART_COUPLING,M6 T-slot nut,Rev E cart-side reference is shown separated below the module; do not fabricate before cart dimensions are frozen
LATCH_3_2_screw,08_CART_COUPLING,M6 socket screw,Rev E cart-side reference is shown separated below the module; do not fabricate before cart dimensions are frozen
LATCH_3_2_washer,08_CART_COUPLING,M6 flat washer,Rev E cart-side reference is shown separated below the module; do not fabricate before cart dimensions are frozen
LATCH_3_2_tnut,08_CART_COUPLING,M6 T-slot nut,Rev E cart-side reference is shown separated below the module; do not fabricate before cart dimensions are frozen
NVR-P11_latch_spreader_4,08_CART_COUPLING,SS400 100x50x6,Rev E cart-side reference is shown separated below the module; do not fabricate before cart dimensions are frozen
CR3001_latch_4_PROVISIONAL,08_CART_COUPLING,CR-3001 latch,Rev E cart-side reference is shown separated below the module; do not fabricate before cart dimensions are frozen
NVR-P12_CR3001_keeper_4_PROVISIONAL,08_CART_COUPLING,SS400 keeper fitted to CR-3001,Rev E cart-side reference is shown separated below the module; do not fabricate before cart dimensions are frozen
LATCH_4_1_screw,08_CART_COUPLING,M6 socket screw,Rev E cart-side reference is shown separated below the module; do not fabricate before cart dimensions are frozen
LATCH_4_1_washer,08_CART_COUPLING,M6 flat washer,Rev E cart-side reference is shown separated below the module; do not fabricate before cart dimensions are frozen
LATCH_4_1_tnut,08_CART_COUPLING,M6 T-slot nut,Rev E cart-side reference is shown separated below the module; do not fabricate before cart dimensions are frozen
LATCH_4_2_screw,08_CART_COUPLING,M6 socket screw,Rev E cart-side reference is shown separated below the module; do not fabricate before cart dimensions are frozen
LATCH_4_2_washer,08_CART_COUPLING,M6 flat washer,Rev E cart-side reference is shown separated below the module; do not fabricate before cart dimensions are frozen
LATCH_4_2_tnut,08_CART_COUPLING,M6 T-slot nut,Rev E cart-side reference is shown separated below the module; do not fabricate before cart dimensions are frozen
